"ğŸ˜¢ HÃ©ctor VÃ¡zquez de tan solo 4 aÃ±os padece leucemia y necesita con urgencia donadores de plaquetas ğŸ†â•  Si puedes ayudar, estÃ¡ a disposiciÃ³n su nÃºmero de cuenta bancaria para transferencia de apoyo econÃ³mico ğŸ‘‡  ğŸ”„ #CompartirTambiÃ©nAyuda https://t.co/h0tg0nZJDH"
Voy a meterme en una cuenta bancaria a ver si asÃ­ te genero algÃºn tipo de interÃ©s ğŸ¥º
OjalÃ¡ me subieran los ceros en mi cuenta bancaria. ğŸ¤£ https://t.co/ecI9uPxnrv
@ireegarrido TÃº cuenta bancaria en estos momentos https://t.co/taIgZsJ4zA
La cara de alguien que sabe que va a destrozar tu cuenta bancaria y apropiarse de tu vida completamente con 30 canciones. #RedTaylorsVersion #TaylorSwift #RedSeason https://t.co/fxiXtyM69k
"@starplushelp @abiulicht IngresÃ© todo como lo piden y me cobraron 1 peso, porquÃ©? Es para corroborar que existe la cuenta bancaria? https://t.co/MifQ33IvON"
@manuelhborbolla AdemÃ¡s si abres una cuenta bancaria a los 18 aÃ±os en ese momento ya tienes RFC con homoclave
Nunca HabÃ­a Revisado Mi Cuenta Bancaria Como Este MesğŸ˜‚ #IS_TeNecesitoComoNunca https://t.co/f2kdlyxplZ
"Yo no quiero el amor en mi vida, yo lo que quiero es la cuenta bancaria de 10 dÃ­gitos de mi vida!"
"Puedes tener tu cuenta bancaria llena, tus 3 platos de comida diarias pero si vives infeliz haciendo lo que haces, vacÃ­a estarÃ¡ tu almaâ€¦ no te conformes!"
"@mondong08437375 @dlacalle Cierto IRPF, pero todo lo sale de la misma cuenta bancaria el  ( el empresario) eso tiene sentido?"
"@TomDelonge_1 AsÃ­ es, de cualquier manera si excedes el monto, el restante que nos ingresa se regresa a tu cuenta bancaria. Â¡Saludos!"
"@vigusa69 @ferxec @EruDruida Existe el rÃ©gimen de ""sin actividad econÃ³mica"". Yo soy estudiante de 20 aÃ±os, en ese rÃ©gimen (me lo pedÃ­an para la cuenta bancaria de la beca) y no estoy obligado a declarar impuestos.

Ya si de plano dicen nel pq no se les da la gana, los multan."
"El Gobierno ordena devolver todas las multas ğŸ‘®ğŸ’¶ del primer estado de alarma por el COVID al ser declarado inconstitucional.

Se habilitarÃ¡ un mecanismo para que los ciudadanos consignen una cuenta bancaria desde la que poder llevar a cabo la transacciÃ³n

https://t.co/MuLgcSwBvI https://t.co/6eWTmxKv1T"
"@danestves hola cÃ³mo estÃ¡s. Te querÃ­a consultar. Con stripe cÃ³mo puedo pasar el dinero a una cuenta bancaria. Es posible hacer eso con stripe? 
Espero puedas resolverme estÃ¡ duda.
Gracias!"
@Blankrenas @evoespueblo @SRE_mx @lopezobrador_ Dos lÃ­deres que anteponen el bien para su pueblo a los grandes negocios empresariales y engrandecer su cuenta bancaria.
"Entro en twitter y 60 euros menos en mi cuenta bancaria
Me los voy a gozar en verdad https://t.co/z46jj25LkU https://t.co/35e0MAGYuz"
"@mejoreszasca @UValensia @chriskanelita Me recuerda a los coles. No usar papel Albal para los bocadillos, algo reutilizable, huerto ecolÃ³gico, paneles solares... Pagas vÃ­a transferencia bancaria lo que sea a una cuenta del colegio, y el niÃ±o que tengo que llevar el papel del recibo bancario, sino negativo."
"Fintech y diseÃ±o: cÃ³mo se combinan para ayudarte a mejorar tus finanzas personales - https://t.co/PYz55fnmze
En MÃ©xico, el 47% de la poblaciÃ³n de entre 18 y 70 aÃ±os tiene una cuenta con alguna instituciÃ³n bancaria, segÃºn la Encuesta Nacional de InclusiÃ³n Financiera mÃ¡s recient... https://t.co/NRKXOwzdw4"
"No hay muestra de amor mÃ¡s grande que un depÃ³sito de 2000 dÃ³lares en tu cuenta bancaria. 

Â¡Bendiciones!"
@sgalanternik Eso pienso cuando miro los extractos de mi cuenta bancaria!
"@manuelhborbolla Un deber del Estado es la recaudaciÃ³n de impuestos. Y hay quienes han vivido dÃ©cadas de evadir esos impuestos. Y sÃ­, hay ciudadanes que ni si quiera han tenido una cuenta bancaria por el siemple hecho de que viven en la pobresa extrema, sin embargo hay quienes tienen y deben.."
"ğŸ—ºï¸ğŸ’° Porcentaje de la poblaciÃ³n europea que no tiene cuenta bancaria

En Albania donde menos tienen una cuenta bancaria y Dinamarca en donde mÃ¡s personas tienen una.

#mapas #maps https://t.co/oRfN31oXme"
@Michel_RolTV @Funs_Athal Terror es mirar ahora mi cuenta bancaria. Eso si q es un contraste que provoca desconcierto e inquietud MÃ­chelğŸ˜‚
Hay y disculpenme si se me nota que tengo un Ego hasta arriba pero bien se dice que en esta vida debes de tener cosas mÃ¡s grandes que la cuenta bancaria hahaha
"MÃ³nica GarcÃ­a tiene un Ã¡tico en Retiro y una casa en Cercedilla que rondan los 1,5 millones y mÃ¡s de 100.000 euros en la cuenta bancaria. 

La nueva casta."
"El 11 de noviembre voy a tener la GTA Trilogy en mi PC, pero los 60 euros seguirÃ¡n en mi cuenta bancaria. Que curioso. https://t.co/zVqyowr5LM"
"No veo a la gente quejÃ¡ndose por la nueva ley que quita los 93mil pesos que tengas en el banco, si tienes una cuenta bancaria inactiva de mÃ¡s de 1 aÃ±o. Qle robo hpta"
"Ya todo el mundo sabe que soy extremadamente serio, formal y exigente. 
Por ser educado, agradezco que no se me cuenten medias verdades o medias mentiras, porque al final se sabe todo.
Si necesitas cuenta bancaria, financiaciÃ³n o seguros, soy la persona qâ€¦https://t.co/cgmPga2jFI"
"@LaSalitadelSin MÃ©tanse al poto sus incÃ³gnitas. 
AdemÃ¡s no fueron aportes, fueron pentraciones en mi cuenta bancaria."
El ABC del embargo de su cuenta bancaria en Colombia https://t.co/hPebwK3Xd2
@SaD_Sh1r0__ @KiriHina_suns @jeannedaishouri La cuenta bancaria de la suegra ta pa acÃ¡ ğŸ¤‘ğŸ¤‘ğŸ¤™ğŸ»ğŸ¤™ğŸ»
"#EsunaTragedia y es #EsAterrador darse cuenta que la #derecha tambiÃ©n expropia.

Ejp, los $92.000 o menos pesitos que se tenga de saldo en cta bancaria y no se mueva por 1 aÃ±o."
"@pablocasado_ es ud. HIPÃ“CRITA, estamos en casa por decisiÃ³n del gobierno, asÃ­ nos hemos entretenido durante meses Y AÃ‘OS, dentro de casa, sin incumplir la ley. Ahora nuestro paÃ­s estÃ¡ despegando como ninguno en juegos indie. Lea mÃ¡s cifras aunque no sean de su cuenta bancaria. https://t.co/zfuBro3LNC"
"Se garantiza por ley el derecho a tener una cuenta bancaria. 
Las entidades de crÃ©dito estarÃ¡n obligadas por ley a facilitar una cuenta bancaria bÃ¡sica a todo ciudadano que lo solicite. 
https://t.co/gyQ0rk3coD"
"Se garantiza por ley el derecho a tener una cuenta bancaria. 
Las entidades de crÃ©dito estarÃ¡n obligadas por ley a facilitar una cuenta bancaria bÃ¡sica a todo ciudadano que lo solicite. 
https://t.co/qdIoVCwlaP https://t.co/0Vuk6yhBoi"
"Su cuenta bancaria si que vive bien ahÃ­, es un HDLGP https://t.co/1TvMjnVGde"
"@VFromTheValley Marica, no sÃ© ni cÃ³mo logramos comprar las entradas, se agotaron en una hora. Un amigo tuvo que abrirse una cuenta bancaria en BÃ©lgica para poder pillarlas jaskajdhs"
"sido todos por urgencias que vale mucho mÃ¡s.
Los pagos pueden hacerse mediante Bizum: 638565665 o cuenta bancaria:
ES15 2103 0317 92 0010012085

â˜˜ï¸â˜˜ï¸â˜˜ï¸â˜˜ï¸â˜˜ï¸ESPERAMOS AHORA TENER MÃS SUERTE â˜˜ï¸â˜˜ï¸â˜˜ï¸â˜˜ï¸â˜˜ï¸"
"Es que pienso en todo lo que se viene y ÂªÂªÂªÂªÂª 
Eso sÃ­, no sÃ© mi cuenta bancaria como va a superar esto pero necesito ya que saque fechas por favoor
#MilbatallasMalu"
"Cuando estaba filmando la pelÃ­cula ""The Lake House"", escuchÃ³ a dos asistentes de vestuario; una lloraba porque perderÃ­a su casa si no pagaba $ 20,000 y el mismo dÃ­a Keanu ingresÃ³ la cantidad necesaria en la cuenta bancaria de la mujer, y donÃ³ sumas estratosfÃ©ricas a hospitales. https://t.co/LLpgvCygX2"
"Como asÃ­ @IvanDuque  que ahora el gobierno va tener derecho sobre el dinero que tenga en mi cuenta bancaria?  Espere porque si el banco me paga intereses por usar mi plata  gobierno tambiÃ©n, de lo contrario, prefiero que se me pudra bajo el colchÃ³n.  #ratas_a_la_carcel"
"Te quieren mÃ¡s pobre ( mira tu cuenta bancaria) ,mÃ¡s estupido ( te crees las televisiones ), mÃ¡s calladito ( no te quejas por nada) 

Y eres tan imbecil de confiar en ellos , segÃºn tÃº solo quieren lo mejor para ti.
Es la caÃ­da del imperio Romano hoyâ€¦ https://t.co/Xe2S4hpouf"
"@PPTeamRafa A ver, comparteme tu cuenta bancariağŸ˜˜"
"@CardielOshun @Mzavalagc @FelipeCalderon Se ve que es lo Ãºnico que conoce ğŸ¤£.
Le recomiendo publicar su cuenta bancaria para ver si entrÃ© todo twiter nos cooperamos para que vaya a cenar a gusto y no estÃ© de hambreada aquÃ­ ğŸ¤­"
@Duque_C01 la cuenta bancaria como la de Neymar
"@joseshidarta @ManuelDZapata Menos mal que no tengo cuenta bancaria, ni la tendrÃ©, es mejor la alcancÃ­a!"
"Â¿Ya movieron su cuenta bancaria de $97000?
Si que le aprendieron maÃ±as a ratasquilla.

Y no se olviden de mover la cuenta de sus hijos sino paila, les abudinean los ahorros."
Si su cuenta bancaria esta inactiva o archivada el Gobierno podrÃ¡ disponer de ella https://t.co/Pc5G7hk4EZ
"@joseshidarta AsÃ¬ es, cuenta bancaria que no se mueva en un aÃ±o, los recursos alli depositados pasarÃ n a manos del Estado. CÃ²mo les parece este robo que aprueban en el Congreso ahh?, seguirÃ n votando por estos ladrones?"
"ğŸ ATENCIÃ“N FRANCESES ğŸ

a partir de ahora la MARSELLESA costara dinero ğŸ’´ 0,10 â‚¬ cada vez que la envÃ­es por whastapp manda un SMS a mi cuenta bancaria si no quieres perder el derecho a LA MARSELLESA si no la marsellesa 2 sera el nuevo himno de francia cantado por don omar ğŸ˜ˆ"
"!Crime
Me cuidaba la cuenta bancaria decia https://t.co/wKdxpwAWHK"
"Ah pero quiero ir a otro concierto

 Mi cuenta bancaria ğŸ¤¡ğŸ¤¡ğŸ¤¡ğŸ¤¡"
"Pueden adquirir sus boletas por:
â€¢Transferencia bancaria cuenta de ahorros
AV Villas # 106142656
â€¢Por Nequi 315 6322046
â€¢Por Daviplata: 315 6322046

Cuando compres tus entradas envÃ­anos un correo electrÃ³nico a taquilla.tdp@gmail.com,"
"@unusannusghost AmÃ©n ğŸ™ğŸ»ğŸ™ğŸ»ğŸ™ğŸ» 
Los Ãºnicos que pueden ofenderse tienen una linda cuenta bancaria a la cual voltear la mirada"
"diosito por favor que alguien se equivoque y deposite en mi cuenta bancaria unos mÃ­seros diez millones de pesos, amÃ©n"
"Sorteo de mi followback.

Solo deja tu DepÃ³sito en mi cuenta bancaria y pondrÃ© tu @ en una ruleta ğŸ§
Dependiendo de la cantidad de dinero que depositen serÃ¡ la cantidad de ganadores."
"#FinanzasPersonales | Si le embargaron su cuenta bancaria aÃºn tiene recursos legales para seguir disponiendo del dinero. Este ABC de @Asobancaria puede servirle de orientaciÃ³n. 

Asobancaria Colombia  https://t.co/qbKSz12jVT"
Siento un vacÃ­o en mi cuenta bancaria
"IvÃ¡n Duque le estarÃ­a expropiando y robando su cuenta bancaria
https://t.co/JceTxkFL85"
#UnaVulgaridadEs que te roben la plata ahorrada de tu cuenta bancaria
