"@Finn_McCumhaill @AlvaroUribeVel @juroca80 ya viste lo la ley de garant√≠a y ahora el gobierno Busca expropiar menos de 92 mil pesos en la cuenta ahorro, ahora con el desgobierno duque la matanza de l√≠deres sociales dispara y los cultivos de coca igual y a√∫n le hechan la culpa a Santos a 6 meses de finalizar periodo."
"@PaoHerreraC Quien ha tenido cuenta y le han cobrado cuotas de manejo en el a√±o que pensaba que estaba ""ahorrando"" con las irrisorias tasas de inter√©s de la banca nacional, y se le disminuy√≥ el ahorro hasta por debajo de los $100mil."
Adivinanzas: A quien le va a expropiar el gobierno el poco dinero que puede guardar? Quien guarda en una cuenta de ahorros $92.000 y los deja ah√≠ quietos para ver si le gana intereses? Que pas√≥ con el sue√±o de abrir una 'cuenta de ahorro' para el futuro? Ser√° que
"Tambi√©n he abierto una cuenta de ahorro en @openbank_es , tambi√©n sin comisiones, para ir ahorrando."
"@IDAEenergia @mincoturgob @garciapage @Teresaribera Ten√©is en cuenta el Alto peligro latente de escape, en Instalaciones de incendios, que por elemento de 100kg superan el ahorro de CO2, de muchas de las plantas solares de 600MW? Alg√∫n plan Europeo o ayudas? Gracias, un saludo. https://t.co/pVc9RIrags"
Con ganas de correr a decirle ‚ÄúAmiga DATE CUENTA‚Äù pero mejor me ahorro un pedo porque s√© que va a terminar perdon√°ndolo üòÆ‚Äçüí®
"@CONSAR_mx Hola buenas noches a mi me aparece esto me podr√≠a resolver mi duda por favor  

MC GO3 la curp del ahorrador no cuenta con saldo en su cuenta de ahorro 

Y acabo de pedir mi estado de cuenta y si tengo dinero ahorrado pero no voluntariamente 
Gracias"
"@Danielasalbe Adem√°s de anotar todos mis gastos, a m√≠ me han funcionado los dep√≥sitos mensuales programados a una cuenta aparte (una vez sepas tu capacidad de ahorro y fijes una meta)"
"@memocker cuenta de cheques o Saldo solo en Ahorro f√°cil o Saldo en cuenta de cheques + saldo en Ahorro f√°cil.
Para m√°s informaci√≥n te comparto la liga de ley de transparencia
https://t.co/z0dTV8zp1t
Estamos para servirte -JM"
"Y ahora el gobierno se apropiar√° del dinero de las cuentas de ahorro que lleve m√°s de un a√±o sin movimientos. ¬øNo es esa, la naturaleza de una cuenta de ahorros? ¬øAcaso no eran otros los que iban a expropiar?"
"¬ø#Sab√≠asQue la dieta vegetariana promueve el ahorro de agua? Tomamos en cuenta que la ganader√≠a requiere m√°s agua que la agricultura. La producci√≥n de un kilo de carne insume alrededor de 18 mil 500 litros de agua, mientras que una porci√≥n de arroz solamente necesita 100 litros. https://t.co/A5jFZiI8qR"
