"@HSBC_MX que mÃ¡s necesito hacer para que me devuelvan mi dinero? Llevo 3 llamas desde el sÃ¡bado por su problema con nÃ³mina y me dijeron en todas que en 48 hrs ""mÃ¡ximo"". Ya va una semana, salgo de viaje este fin y contaba con mi dinero, es mÃ¡s de media quincena!!! Una respuesta ya"
"BuenÃ­simo!! Yo estoy registrada desde los 18, edad en la que empecÃ© a trabajar; nadie me pidiÃ³ hacerlo pero pensÃ© que era necesario (resulto que no, me pagaban poco y en efectivo), hasta los 21 que ingresÃ© a nÃ³mina comencÃ© mi relaciÃ³n con el SAT, y como nada debo, nada temo. https://t.co/5rDeVNPjwt"
@QuindioOficial buena tarde amigos y la nomina ? gracias.
"A unos se les llena la boca diciendo hago empresa y genero empleo! Cuando lo que hacen es o aprovecharse  de la buena fe del ""empleado"" que los hay y/o si no de las davibas del estado, para empleo a cambio subtraer de sus arcas y pagar la nomina de sus empleados! Algunos, dije.ğŸ¤·ğŸ»â€â™€ï¸"
"#ENTÃ‰RATE ğŸ‘‰ @lopezobrador_ dice que la prÃ³xima semana termina de pagar a maestros, no quiere aviadores; insiste en tarjeta de nÃ³mina ğŸ‘‡

https://t.co/9KyxkDuCzY https://t.co/QLV03pwmPM"
"Con @MayaAlcaldePei hoy socializamos en #Pereira los beneficios en generaciÃ³n de empleo, #IngresoSolidario, subsidio a la nÃ³mina y apoyo a entes territoriales que incluye la #LeyDeInversiÃ³nSocial. La reactivaciÃ³n en el territorio impulsa el crecimiento econÃ³mico del paÃ­s. https://t.co/dk7Q4ncJcC"
@Analist56181232 @BonillaLos @tripleCIbarguen @tripleCIbarguen ya entro a la nomina?? https://t.co/2Ah7JZRtFY
@CamiloSilvaJ @ValoraAnalitik @Ang_BGomez Tiene mÃ¡s nÃ³mina que el PSG
@bieitorubido Casi toda la prensa estÃ¡ en nÃ³mina de estos delincuentes del gobierno.
"#EconomÃ­a

CRÃ‰DITOS DE NÃ“MINA: Â¿SON BUENOS O MALOS?

Descubre aquÃ­ los mitos y realidades sobre estos productos financieros:  https://t.co/DI7hWvYtQe"
"A huevo!!!!
#ColimaPobre
#PobreColima
#MorenaDestruyendoAMexicel 
Con el trabajo no te metas
Y con la nÃ³mina jamÃ¡s se juega.
#Manzanillo
codo (codito)
del
brazo (estados vecinos) https://t.co/nnLabBng3V"
"@JLnunez62 @crtvg @PPG NO es supervivencia, es cambiar tu dignidad por una nÃ³mina fija y abultada. Hay que comer, es cierto, nadie exige hÃ©roes pero sÃ­ respeto al periodismo, se le debe a tantos k se juegan tanto por contar la verdad. Cada silencio cÃ³mplice es un clavo en demasiados ataÃºdes."
"@ING_es Yo huÃ­ de este banco, fue una mala decisiÃ³n meter mi nÃ³mina aquÃ­. Es una banco que NO es un banco y a la larga lo pagas caro"
@ChuchoElRotoBks @TereGom32512113 @ChooseLife77 @PatyArmendariz Ajaaaâ€¦ por eso no te creo que pagues nÃ³mina y tengas una empresa.
"Â¿Es poca polÃ­tica social disponer de autovÃ­as para ir a trabajarâ€½

Por cierto @raquelsjimenez si eso lo ha dicho el secretario general de infraestructuras, por favor, cÃ©salo, y comienza a pagar el mantenimiento con su nÃ³mina, a ver quÃ© le parece la necesidad social"
"@RebelBit1970 @frankmaroc26 Cuantas empresas creo Yolanda Diaz?
Cuantos empleados tuvo en nÃ³mina?
Porque siempre dicen gilipolleces los menos indicados??"
"@felix_fierros identificaciÃ³n oficial vigente, Ãºltimo recibo de nÃ³mina, escrituras de la vivienda completas, comprobantes de pagos que no se vean reflejados en su estado de cuenta y si realizo pagos mayores a $5,000.00, presentar tambiÃ©n esos comprobantes"
"@ElDeportivo_Col Escojo a Gamero, porque con poco ha hecho mucho en @MillosFCoficial. A Restrepo lo debe respaldar la nÃ³mina de @nacionaloficial es deber del verde estar arriba."
Quibole con la NÃ³mina
"#ClasicoRCN21ğŸ‡¨ğŸ‡´ğŸš´â€â™‚ï¸
#DuelodeTitanesğŸ‡¨ğŸ‡´ğŸš´â€â™‚ï¸
#CiclismodeColombiağŸ‡¨ğŸ‡´ğŸš´â€â™‚ï¸

NÃ³mina del Team @Herrera_Sport para el @ClasicoRCN @CervezaAndinaCo (23-31 de octubre) https://t.co/JCwb6kNI5k"
"@g_quadri A eso no se le puede llamar ""estrategia"".

Si acaso: nÃ³mina.

https://t.co/nBGWLEokM0"
@SoyFan10 SerÃ­a muy bacano pero la verdad es muy duro que Portugal lleguÃ© a una final de un mundial no le da la nÃ³mina ğŸ˜
"@JuanjoCotilla Ã‰sta chica solo hablas de esos tema ,Adara cuando estÃ¡ nÃ³mina ni piensa en eso"
Cansada de trabajar pero no de la nÃ³mina
"@robersanchez98 Que trabaje un poco, que no lo ha hecho en su puÃ±etera vida, siempre viviendo de la nÃ³mina que le pagamos todos los espaÃ±oles desde que estaba en Canarias"
"@juanse_2405 @daniel199222 @JorgeArias02 @Dimayor @cortuluaoficial @nacionaloficial Si, el que jugÃ³ mejor fue el rival. Hubo situaciones extradeportivas que incidieron en la llave. Digo sobrevalorado porque para la nÃ³mina que tienen (Harlan, Dorlan, rifle, duque, Castro) juegan muy feo."
"@jarizabaletaf Tranquilo Jaime, que para su aspiraciÃ³n presidencial tiene que renunciar al senado, el lo sabe y por eso el afÃ¡n de que lo investiguen yÃ¡, sabe que despuÃ©s pasa a manos de la fiscalÃ­a y estÃ¡ si no la tienen en nÃ³mina"
"@emanuelvallej11 @MardenNra1 @AsoDeporCali Tal vez ud tiene razÃ³n pasa que ante una gran nÃ³mina se estaba sacando un buen resultado que mÃ­nimo nos llevaba a los penales, y no necesitamos que nos regalen, solo que tampoco nos quiten, gracias por su aporte sr."
"#ClasicoRCN21ğŸ‡¨ğŸ‡´ğŸš´â€â™‚ï¸
#DuelodeTitanesğŸ‡¨ğŸ‡´ğŸš´â€â™‚ï¸
#CiclismodeColombiağŸ‡¨ğŸ‡´ğŸš´â€â™‚ï¸

NÃ³mina de la @funchaves para el @ClasicoRCN @CervezaAndinaCo (23-31 de octubre) https://t.co/Pk9ISzmRsM"
"@frasalazar Por supuesto que nos retuvieron los impuestos pero cuando busquÃ© en el portal mis recibos de nÃ³mina por esos meses que pagaron en efectivo, no existÃ­an. Tampoco existe constancia de esos pagos en el SAT."
@_esthersanz Â¿QuÃ© dÃ­a te entra la nÃ³mina de los iranÃ­es? ğŸ˜‚
"La nomina electronica sera un obstaculo mas para la formalizacion de la fuerza laboral.   Un a pime con 5 empleados teniendo que hacer nomina electronica?  Esto ademas de la planilla PILA para un emprendedor?  
La tecnologia es una ayuda no una obligacion @ProfErickB"
@AyudaInfonavit Me aparece este error al cargar mi recibo de nomina. https://t.co/rRweamyfh2
"@__Daaaanii__ @ronaldjrviasru1 @NoticiasRCN Seguramente Paisas y de la nÃ³mina de Pablo Escobar, al menos usted es hincha del Cali que veo que estÃ¡ tan interesado en resolver el tema? O es otro hincha frustrado de otro equipo?"
"@FitoCanuto02 @ramsisHG7 @MartinSantosR @tripleCIbarguen Y segÃºn tÃº, la Ãºnica en la nÃ³mina del narcotrafico es la magistrada Lombana, porque le abre investigaciÃ³nes a los corruptos de Benedetti y Barreras? TambiÃ©n ha abierto investigaciones contra congresistas de derecha, eso se llama ser imparcial. No como los otros magistrados."
"@HablaDeportes @JoseHndz93 Junior lo que tiene son unos mercenarios que cobran sueldos altos y solo juegan por plata, de talento y huevos no tienen nada, mientras Millos tiene puro pelao que le mete corazÃ³n. Para mi Millos tiene una nÃ³mina en mÃ¡s nivel que la de Junior. Me duele aceptarlo, pero es verdad"
A Dean Smith desde la directiva se le debe exigir porque ya no tiene la nÃ³mina que tenÃ­a hace dos temporadas.
"El presidente @lopezobrador_ hizo un llamado a maestros de MichoacÃ¡n para que acepten el pago por concepto de adeudos de nÃ³mina a travÃ©s de un monedero electrÃ³nico personalizado del Banco del Bienestar, aunque hay oposiciÃ³n de que se pague de esa manera. @Notimex https://t.co/QLw0BwjMuc"
"Nos sentimos orgullosos de cada paso adelante que da la comunidad SENA, las personas que premiamos en Talento 2021 son la muestra de las grandes personas que hacen, o han hecho, parte de nuestra Entidad. Nomina a alguien o prenscrÃ­bete en https://t.co/BDAznw2oWp https://t.co/bBBje1Uj2D"
"Bueno, a quÃ© hora cae la nÃ³mina eh."
"y despuÃ©s arrastra con tu lengua el miedo.
Que a cada mentira que dices, yo mÃ¡s te creo.
Que a cada verdad que te oculto, aumenta el deseo.
Que esta noche nadie empata, estÃ¡ roto este tablero.
Solo hay una reina que gana.
Y un peÃ³n en nÃ³mina, buceando bajo las sÃ¡banas.

BNğŸŒ™"
"Si con tu emprendimiento aportas a la construcciÃ³n de nuevas oportunidades para los migrantes venezolanos en Arauca, CÃºcuta y Riohacha, #HolaColombiaInnpacta te estÃ¡ buscando.

Â¡PostÃºlate o nÃ³mina!

â¡Conoce todas las condiciones en: https://t.co/EeDAWa6q6H https://t.co/IaYxQ3gvZR"
"@MonederoJC Vosotros teneis mas delincuentes en nomina que muchos partidos, bufon"
Â¿Alguien sabe cuando llega la nÃ³mina de concejal? ğŸ˜«
@PeriodicoCorreo Demandas que no procederÃ¡n eran trabajadores eventuales y que sÃ³lo inflaban la nÃ³mina!!!! PorquÃ© no demandan al Gobierno del Estado por despidos?
"@Alainwho @pasotti_ @Claudiashein @ISSSTE_mx Â¿QuÃ© esperabas de los voceros fifis del desgobierno de 4a? OjalÃ¡ nos clarifique si estÃ¡ en la nÃ³mina de @Claudiashein o de plano sale a defender lo indefendible nomÃ¡s por convivir. En fin, seguimos en la lucha."
@axelsolisrmz @Rayados @TheChampions Un equipo con ese nivel de jugadores ( NÃ³mina y Calidad ) y tÃ©cnico no justifica resignarse al repechaje !..
"#ClasicoRCN21ğŸ‡¨ğŸ‡´ğŸš´â€â™‚ï¸
#DuelodeTitanesğŸ‡¨ğŸ‡´ğŸš´â€â™‚ï¸
#CiclismodeColombiağŸ‡¨ğŸ‡´ğŸš´â€â™‚ï¸

Esta es la nÃ³mina del @TeamBoyacaAvanz @Indeportesboy para el @ClasicoRCN @CervezaAndinaCo (23-31 de octubre) https://t.co/Y9H1AEFhNq"
"@NoSoyLaChio @firulaispolomb1 @AlvaroUribeVel @QuinteroCalle Pero si para casar a escobar tocÃ³ mandar un escuadrÃ³n conformado por la mayorÃ­a de personas de otras ciudades, ya que la gran MayorÃ­a de policÃ­as de Antioquia estaban en la nÃ³mina.... cual no nos quedÃ³ grande... si eran todos alcahuetas!"
"@HINCAPIEDATOS A Osorio lo endiosaron porq fue el utilero del City cuando el City no existÃ­a en el mundo fÃºtbol, porq ganÃ³ campeonatos con nacional con una nÃ³mina 10 veces mÃ¡s costosa q la de cualquier otro equipo y porq batiÃ³ rÃ©cords en mexico jugando con Trinidad y Tobago, Jamaica y Martinica"
"@ferxec Â¿Terrorismo fiscal?

Al parecer esa seÃ±orÃ­a vive en una burbuja de ignorancia, puesto que al cumplir 18 aÃ±os no estas obligado a pagar impuestos. Esto ocurre cuando ya eres una persona productiva, te descuentan impuestos vÃ­a nomina o si eres empresario tambiÃ©n pagas impuestos. https://t.co/fLtzCJfTIT"
"#FinanzasPersonales | El documento soporte de nÃ³mina electrÃ³nica no es asimilable al desprendible de nÃ³mina, ni constituye soporte de ingresos para el trabajador. 
Â¿QuÃ© dice la @DIANColombia al respecto? 
https://t.co/D44VPeIgfm"
"El Economista: Conozca quiÃ©n es quiÃ©n en los crÃ©ditos de nÃ³mina.
https://t.co/ztsXNQ79uj

a travÃ©s de @GoogleNews"
"#MichoacÃ¡n 
PrÃ³xima semana llegarÃ­an recursos federales para nÃ³mina educativa: Bedolla https://t.co/n3c2vAUdHl"
"PostÃºlate en la convocatoria #HolaColombiaInnpacta iniciativa que apoya emprendimientos para beneficiar a los migrantes y colombianos retornados en Riohacha, Arauca y CÃºcuta.

Â¡Inscribe tu emprendimiento o nomina a quien conozcasâ¡ï¸
https://t.co/0qEiiiVf5w

@InnpulsaCol https://t.co/j2E6Hb5N1K"
"AsÃ­, anunciÃ³ la extinciÃ³n de la â€œCoordinaciÃ³n de Asesoresâ€ (en realidad, aviadores) y la baja de unos 300 policÃ­as de seguridad pÃºblica, cuyos nombres estÃ¡n en la nÃ³mina de la corporaciÃ³n, pero fÃ­sicamente no se les encuentra."
@SrtoDara Es q no quiero q se vaya canales quieroq se vaya cynthia q es la q nomina a sandra. Canales sandra se va sandra ya te lodigo
"@arzuagatoro24 Y el periodismo deportivo tirÃ¡ndoselas de locos y en el caso del penal no sancionado al Cali, diciendo que el error fue que dieron muy poco tiempo de reposiciÃ³n. Lo oscuro los toca a TODOS (son de la nÃ³mina), al final los hinchas son los realmente perjudicados."
"@pilarvelasquezv No solo fue la mano, NO VIÃ“ LA PATADA QUE LE METIERON AL JUGADOR DEL CALI DENTRO DEL ÃREA? Nacional con una nÃ³mina tan grande y cara, no deberÃ­a de necesitar ayudas de los Ã¡rbitros"
"@ElRepuroCentro @MiloUrann @Francolombia1 @Pinky_Cerebro9 @trianacamiloo SÃ­ porque es su negocio y tiene que pagar : arriendos, servicios, nÃ³mina, productos, los permisos para el uso del sistema de facturaciÃ³n, servicios adicionales como plataformas para domicilios, etc, etc. ğŸ¤· Y ademÃ¡s le tiene que quedar su ganancia"
"Â¿Es Fernando Dortti culpable de la situaciÃ³n? yo no creo, Ã©l llegÃ³ despuÃ©s de la mitad del mercado de pases cuando el presidente ya habÃ­a traÃ­do mÃ¡s de la mitad de la nÃ³mina. Es lo que pienso, veremos que puede hacer en el mercado que viene y que tome buenas decisiones."
"Â¡Se parte de la agenda de FLII 2022! ğŸ¤© DiseÃ±a con nosotros la 11va ediciÃ³n del evento y vayamos mÃ¡s allÃ¡ de las estrellas.

ğŸš¨ Antes del 31 de octubre comparte con nosotros la sesiÃ³n que te gustarÃ­a organizar.
Â 
Nomina tu actividad en ğŸ‘‰ https://t.co/e2ZldzQGSp https://t.co/tzkVyEWIxY"
"@wolffunds @jjccmmk @Carlos_Pareja27 Fija a 1.03 durante 26 aÃ±os con nÃ³mina y 1 aÃ±o de hogar y vida. Nada mÃ¡s. Ahora mismo las mÃ¡s competitivas son Kutxabank e Ibercaja. Kutxa estÃ¡ en 0,8% y tras apretarles me dejaron solo con nÃ³mina, ESPV y un seguro mÃ©dico. No firmar fijas con estas condiciones es de locos."
"@salvadorsanvil1 Los territorios de La Mafia de respetan, que para eso se tiene en nÃ³mina a Jueces y Fiscales,..."
"#ClasicoRCN21ğŸ‡¨ğŸ‡´ğŸš´â€â™‚ï¸
#DuelodeTitanesğŸ‡¨ğŸ‡´ğŸš´â€â™‚ï¸
#CiclismodeColombiağŸ‡¨ğŸ‡´ğŸš´â€â™‚ï¸

La nÃ³mina del equipo @IndeportesTol Tolima es PasiÃ³n @LiciTolima21 para el @ClasicoRCN @CervezaAndinaCo 2021 (23-31 de octubre). https://t.co/6PS0KykrLm"
@luisferpo Un equipo de elite necesita minimo dos goleadores de primer nivel en nomina ante cualquier lesion o evento.....@ChelseaFC_Sp   @ChelseaGoleador
"@meLlamoEarl8 @Panik81 No, la Junta dio 500.000â‚¬ a las hermandades y hasta donde yo sÃ© no pagÃ³ a ningÃºn camarero/a, su nomina de ese dinero, lo digo con conocimiento de causa porque trabajo en el sector."
"@Carlos1Hurtado Aparte mentiroso, vino anunciando un plan de rescate a MichoacÃ¡n y  la sct cancelÃ³ el rescate carretero, mencionÃ³ que estaba resuelto la nÃ³mina educativa y no les han pagado; hicieron creer al gobernador que le enviarÃ­an 3822 millones para el cierre y ya solicitaron un crÃ©dito"
"#ClasicoRCN21ğŸ‡¨ğŸ‡´ğŸš´â€â™‚ï¸
#DuelodeTitanesğŸ‡¨ğŸ‡´ğŸš´â€â™‚ï¸
#CiclismodeColombiağŸ‡¨ğŸ‡´ğŸš´â€â™‚ï¸

La nÃ³mina del equipo @EBSApuraenergia para el @ClasicoRCN @CervezaAndinaCo 2021 (23-31 de octubre). https://t.co/4C5SUcRIcg"
"@TeamBoyacaAvanz tendrÃ¡ una nÃ³mina con talento y juventud en el ClÃ¡sico RCN.

ğŸš´â€â™‚ï¸ @adrianvargas_98
ğŸš´â€â™‚ï¸ Wldy Sandoval
ğŸš´â€â™‚ï¸ Oscar Fernandez
ğŸš´â€â™‚ï¸ Misael UriÃ¡n
ğŸš´â€â™‚ï¸ IvÃ¡n MartÃ­nez
ğŸš´â€â™‚ï¸ Pedro Ruiz
ğŸš´â€â™‚ï¸ Juan Alejandro Umba 
ğŸš´â€â™‚ï¸ Edwin PatiÃ±o
ğŸš´â€â™‚ï¸ Adrian Valentin
ğŸš´â€â™‚ï¸ Joseph Sandoval

Foto BoyacÃ¡ Avanza https://t.co/5Qobw9y681"
@AristeguiOnline Que la acepten y luego hagan portabilidad de nomina.
"Vine a abrir una cuenta a @HSBC_MX y desde ya, el servicio, la atenciÃ³n y todo lo que tiene que ver con esta apertura, han sido un fiasco.

@BBVA_Mex listos para mi portabilidad de nÃ³mina?"
"@judicaturacsj @unisabana No pueden con el software de liquidaciÃ³n de nomina (efinÃ³mina ) de la rama judicial, y si van a hablar de transformaciÃ³n digital. Vaya contradicciÃ³n"
"@AristeguiOnline Esto es una practica anti constitucional, uno puede elegir la tarjeta/banco que desee para recibir depÃ³sitos de cualquier tipo incluyendo la nÃ³mina, incluso si tu empresa te dice que nel, por ley tu puedes exigir que te depositen a la cuenta que tu quieras."
@tripleCIbarguen Entro a la  nÃ³mina de Uribe.
@ProcuFiscal @cromero_aranda En mi caso la empresa a la que tengo en controversia laboral sigue timbrando pagos de nÃ³mina inexistentes. Â¿QuÃ© hacer ahÃ­?
"Somos la mejor opciÃ³n para calcular, dispersar y timbrar tu NÃ³mina. En Grupo DCN tenemos la soluciÃ³n a tu medida. Â¡Ponte en contÃ¡cto con nosotros! https://t.co/Jnaw6bjbFZ"
@FerchoVazquez_ Todo lo que empiece con (i) en el recibo de nÃ³mina ğŸ˜‚
@marvelucm2 Con razÃ³n la nomina siempre ğŸ¤­
Libro â€“ CÃ³mo elaborar una nÃ³mina sin ser experto https://t.co/FvZFOZLfBA Contiene casos prÃ¡cticos de hechura de nÃ³mina de pago a los trabajadores con varios rangos de salarios y de prestaciones laborales.
"@tervies_asomil Si no se cuestiona la nomina de Oficiales y Suboficiales y Tropa Permanente en la Reserva a partir de los 58 aÃ±os y hasta los 65... (y es una nomina ENTERA),Â¿Por que cuestionamos media nomina de soldados a los 45?"
El proceso de liquidaciÃ³n de los hospitales pÃºblicos debe preservar los derechos de los trabajadores  por OPS que tienen una vinculaciÃ³n continua en las mismas condiciones que  los trabajadores de nÃ³mina . #salud
"INICIA #U23 Liga de FÃºtbol de BogotÃ¡
Esta es nuestra Nomina Oficial #LaPazFC https://t.co/cSE0v6XXSB"
Con razÃ³n siempre la nomina jajajaja ese seÃ±or de verdad cree que nos tragamos su cuento de viejito buena onda #LCDLF https://t.co/A1H4GdVgcT
@P_informaticas Media nomina mia deberia ser suya.
"@heranthea NON, POR DIOS non me molestou nin nada, se a min tamÃ©n me parece unha barbaridade, tiÃ±as que ver a miÃ±a cara coa primeira nÃ³mina"
"@luiscrh Si tienes mÃ¡s dudas al respecto, puedes enviarnos tus datos por interno para que uno de nuestros asesores expertos en contrataciÃ³n y nÃ³mina se comunique contigo y te aclare todos los detalles. Excelente dÃ­a. 3/3"
"Denuncian retrasos en la actualizaciÃ³n de mÃ©ritos del personal temporal de empleo del Salud.

Un grupo de enfermeros aragoneses ha remitido un escrito al Justicia en el que tambiÃ©n seÃ±alan el retraso en el pago de parte de la nÃ³mina de septiembre ğŸ‘‡ğŸ»

https://t.co/p6M2L25zXt"
"En materia de transparencia #NL va en retrocesoâ€¦

La @COTAINL eliminÃ³ apartado donde rinde cuentas del gasto, nÃ³mina y otros rubros que por ley debe publicar, y ahora te manda a que los busques a la Plataforma Nacional de Transparencia. 
https://t.co/OUXD9gZnEE https://t.co/n0qOO0tzrN"
@GuaraCuchaFE no tienen para pagar nomina y van a estar construyendo lo que no han hecho en 10 aÃ±os.
"@karenochb @alfrekjv no seÃ±or agustin, descuento via nomina no por favor, nooo"
"Webinar: NÃ³mina ElectrÃ³nica en World Office

InscrÃ­bete aquÃ­, cupos limitados
https://t.co/UyfTj19jGD

#WorldOffice #nÃ³minaelectrÃ³nica #webinar  #softwarecontable #FelizViernes https://t.co/e69AzfEdjB"
"@MrPetardo @DaniPandiita @DenYanine Esa ratera no es bonita, y no estÃ¡ en la nÃ³mina."
"@AlexKleinO @refuerza1227 TocÃ³ darles de su misma medicina:
1. Cerrar cuentas que no necesitemos.
2. Dejar solo una cuenta, la de nÃ³mina y ya por obligaciÃ³n.
3. Volver al banco de los abuelos: BancolchÃ³n.
4. Recuerden que los bancos hacen sus negocios (y ganancias) con nuestro dinero (dejarlos sin plata)"
"@conycamelo Cual es la fuente?  Arial 12?  AveriguarÃ­a un poco mas a fondo para decir que parÃ³ algo.  Petro parÃ³ la ALO y entregÃ³ los predios para invasiones, Petro hizo la nÃ³mina paralela de contratistas mas grande del paÃ­s, etc. Ni el uno es bueno ni el otro la maravilla."
"@JEAM_79 Y puede existir gente mÃ¡s estupida que por unas monedas les regalen el paÃ­s a estos hijueputas; TODOS en la nÃ³mina de las FARC, buscando con urgencia consolidar el narcoacuerdo porque se les acaban lo dos periodos gratis y les toca salir corriendo para Venezuela sin una Dictadura"
"Tan solo con crear tu cuenta en Nilo App, puedes empezar a llevar tu nÃ³mina GRATIS y cumplirle a la DIAN. Â¿QuÃ© esperas para probar nuestro software? ğŸ˜€
#nÃ³minaelectrÃ³nicagratuitaconniloapp https://t.co/w32XiIUdPg"
"@DavidArango21 De allÃ¡ lo tiene que recoger a uno en cucharitaaaaaaa, porque solo ver esa nÃ³mina me siento prendida ğŸ»ğŸ˜‚ğŸ˜‚ğŸ˜‚"
@EduardoLuisFut Las herramientas que te matan como el VAR y el arbitraje en la nÃ³mina de ardila lule
"Â¡QuÃ© feo se llevan!ğŸ˜± @ARREOLAVIDAL pide votos para destituir a @edgarmelhem del #PRI #Tamaulipas tambiÃ©n exige comprobar en quÃ© gasta casi 2 millones de pesos al mes de prerrogativas, en rumores dicen que tiene 16 trabajadores de su rancho en nÃ³mina del partidoğŸ¤·ğŸ»â€â™‚ï¸ @PRI_Nacional https://t.co/FveE0vYeAJ"
"@perlamorada10 @SecretStory_es Y porque la nomina ?
No lo.entiendo"
@EduardoLuisFut Dudamel dijo lo que todo el paÃ­s sabe : El equipo del patrÃ³n solo gana haciendo chanchullo y teniendo a los Ã¡rbitros y al VAR de este lado .....son otros mÃ¡s de la nÃ³mina de Ardilla Lule
"Vamos, necesito 500 euros y no tengo ni nomina para solicitarlos"
@Tel__TV @MartaRiesco @anarosaq @anaterradillos @Patricia_Pardo @DavidCifuu @israellopeztv @delafuenteoscar @antoniorossi @Criss_CG7 @unicorntves @miquelvalls Villarejo bien? Sigue en la nÃ³mina de AR?
"@galatcito Asi es pana, tampoco entiendo esos que critican el planteamiento de juego, el cali no tiene nomina para jugar de tu a tu con nacional alla, el hincha ya normalizo que nos esten llenando por salir con las piernas abiertas siempre."
"@MacJuanma Bruselas para que va a tener una ministra en nÃ³mina, si ya tienen al presidente"
"Maquila inteligente de nÃ³mina, son expertos en gestiÃ³n de servicios especializados, optimizan el desarrollo de cada departamento de tu empresa. @alphaadviser_ https://t.co/lPxVgCknW9"
@ValeriaACuevas $200 menos a tu nÃ³mina por jugarle al vgs chica ğŸ¤ª
"Â¡NÃ³mina confirmada!

âœ… James RodrÃ­guez ğŸ‡¨ğŸ‡´ titular

âš½ @AlsaddSC ğŸ†š @AlrayyanSC
â° 11:00AM
ğŸŸ Estadio Al-Thumama
ğŸ† Copa del Emir
https://t.co/ONm9w1q2I1

https://t.co/W2ddKhF8RZ"
"@cassie_ey como Credencial del IFE/INE, pasaporte vigente: con al menos 3 meses de haberse expedido, forma migratoria FM2: en caso de extranjeros (no es vÃ¡lido FM3), original y copia de comprobantes de ingresos a tu nombre como recibos de nÃ³mina los 2 Ãºltimos recientes o comprobante"
"Â¡Chale!, que la nÃ³mina de los maestros de MichoacÃ¡n, descansa en las cuentas de Brozo y Loret.

Y todo por Aureoles."
"Un equipo con la mejor nÃ³mina del paÃ­s no necesita ayuda, lamentablemente no sÃ³lo es con ese equipo el arbitraje Colombiano es una porquerÃ­a.. https://t.co/yfap4XqKmP"
"@jenarovillamil @lopezobrador_ La OMS no autoriza ni madres

Todo tiene quÃ© pasar por el PERMISO que les de EEUU para hacer o dejar de hacer algo, son los que les pagan la nÃ³mina y prefieren ver el mundo arder que quedarse sin sueldos"
@JFCadavid Desde que empezÃ³ la liga. Y el torneo. CuÃ¡ntas a veces a Sido favorecido nacional con el arbitraje.  Coincidencia que solo se equivoquen a favor de el. Igual no nesecitana de eso. Tienen buena nÃ³mina
"@Arboleda__ Ahhh no eso de super nomina jamas, hasta Pereira tiene mas nomina, pero a veces las super nÃ³minas no ganan tÃ­tulos, el trabajo duro y trabajo en equipo y el talento se puede aprovechar para llegar lejos, pero eso de super nomina nahhh, desde esa TANGA de arquero que tenemos nah"
10 dÃ­as para cobrar la nÃ³mina menos mal
"Â¿QuÃ© hacer antes de tomar estas decisiones? 
https://t.co/58asqXaPFM

#hotel #hoteles #empresas #clientes #nomina #marcas https://t.co/WdOjwnzaWx"
Si vamos hablar de fÃºtbol tambiÃ©n tenemos que preguntarnos Â¿por quÃ© Corredor con esta misma nÃ³mina antes mostraba algo de juego y ahora cada vez jugamos peor? Â¿quÃ© pasÃ³ con el DT que hablaba de fÃºtbol y ahora solo tira humo?
"@JFCadavid Felipe 
Le propongo algo 
Diga en pÃºblico que piensa del torneo colombiano.

Demuestrele a  su familia que es un hombre de principios y digame que piensa del torneo mÃ¡s sucio del mundo donde el dueÃ±o del torneo tiene equipo propio y paga nÃ³mina de Ã¡rbitros"
"@MisaelReyesCor2 SÃ­ era obligatorio, pero no porque Hacienda lo impusiera, sino porque para trabajar en cualquier empresa, te lo exigÃ­an para el alta en nÃ³mina. Con el tiempo proliferaron los negocios subterrÃ¡neos y luego el outsourcing acabÃ³ de darle en la torre al padrÃ³n fiscal.  Urge reeducar."
"@chrisdmedina Yo no hablo de la de Nacional y viendo la del Cali me sostengo. Yo no sÃ© de donde es que sacan que tenemos la sÃºper nÃ³mina, pero ajÃ¡. Cada cual con sus pajazos mentales."
"@riosgonzalezp Les dijo la verdad en la cara. El canal de El atlÃ©tico Nacional nunca da opiniÃ³nes negativas de ese equipo, pues como si el q les paga la nÃ³mina es el mismo dueÃ±o. No venga con discursos posando de periodismo digno si aquÃ­ es claro el conflicto d intereses que hay en esa sociedad"
"@Arboleda__ Jejeje solo mirale la nomina a Nacional, comparada con la de ayer. 
Mira la del Cali y la de ahora
JAJAJAJAJAJAJAJAJAAJJAAJAJ https://t.co/XwxuA79wpQ"
@nossadeportes No le invirtieron los recursos y la importancia que merece un equipo que juega bien pero le falta nomina.
"@latinus_us El KKs es â€œperfectoâ€. El KKs nunca se equivoca.
Es el mantra que repiten los chairos becados con su primaria trunca y sus lacayos que ya estÃ¡n en la nÃ³mina del gobierno."
"@riosgonzalezp Claro, la nomina no la pagan en cheque, la pagan vÃ­a transferencia electrÃ³nica o PSE Â¿cierto?"
@angelesmb1 @LeviEsYellow Cuando los empresarios hacen lo que quieren sin restricciones y sin temer a los sindicatos o inspecciones de trabajo eso no es una opciÃ³n. Con una nÃ³mina de 10 horas trabajando 14 Â¿de donde quieres reducir? Â¿Tienes esa posibilidad?Â¡Si te echan tu indemnizaciÃ³n es de tus 10 horas!
"@Arboleda__ Jajajaja nunca podes comparar la nÃ³mina del ese tiempo con la de ahora, infinitamente superior jajajaj"
@JuanGMesa Eso de las ventajas tp me la vas a colar cuando estan arriesgando su culo por una nomina mientras las empresas solo se frotan las manos esperando su momento de mercalizacion del cannabis
"En Kondinero MÃ³vil podrÃ¡s tener el control del crÃ©dito desde tu celular, ademÃ¡s de realizar aclaraciones y mÃ¡s.Â¡DescÃ¡rgala Ya! 

-&gt;Â https://t.co/bGCMor1lLv

#Kondinero #ReactivemosMÃ©xico #ElCrÃ©ditoQueNosUne #CrÃ©dito #SolucionaTuVida #SolicitaDesdeCasa #NÃ³mina https://t.co/CZswyBLZot"
"Nuestra ministrÃ­sima no sabe de nada y no ha gestionado y administrado un presupuesto en su vida y por supuesto, no ha pagado una sola nÃ³mina de su bolsilloğŸ‘‡ https://t.co/zPboFEkgPt"
Ja ja no que mi jefe me debe media nomina de septiembre y estamos acabando octubre -_-
Entonces @rafaeldudamel prefiriÃ³ hacer show hablando de Ã¡rbitros para tapar el pÃ©simo funcionamiento de su equipo? Un @AsoDeporCali que con tremenda nÃ³mina hoy no pelea nada. Ese seÃ±or no se vio asÃ­ de indignado cuando los errores Ã¡rbitrales les favorecen se queda ğŸ¤«
@GolCaracol Suspuesto...ud tambiÃ©n estÃ¡ en la nomina o que??
"@VickyDavilaH Si no siente vergÃ¼enza usted por el periodismo prepago q ejerce y estar en la nÃ³mina del patrÃ³n, mucho menos esos sujetos."
ğŸ“¸ Con aprendices y funcionarios de nuestro Centro Agropecuario y de BiotecnologÃ­a El Porvenir se socializÃ³ la estrategia #TalentoSENA ğŸ‘ğŸ‘ğŸ¤© Â¡PostÃºlate o nomina a quien creas que debe ser reconocido! ğŸ“²ğŸ’» Conoce los detalles aquÃ­: https://t.co/BO0piUXhv8 https://t.co/YolX1Sxvyl
ğŸ¤‘ El dinero no alcanza ni siquiera para el pago de nÃ³mina de los dos meses restantes del aÃ±o. https://t.co/scGYWtxjP0
"#TOP La alcaldesa de #ManuelDoblado, HaydeÃ© Preciado, precisÃ³ que a 10 dÃ­as de tomar la administraciÃ³n han detectado una serie de irregularidades graves, donde hasta la nÃ³mina de 300 empleados se ha visto comprometida por la falta de recursos https://t.co/QFKTB9geNo"
Anticipos de Nomina con NOI Asistente - https://t.co/WEkX5xSNxs https://t.co/bQQXHGyrpg
#ClÃ¡sicoRCNAndina | ğŸ‡¨ğŸ‡´ğŸš´â€â™‚ï¸Con una nÃ³mina joven el BoyacÃ¡ Avanza le apuesta al ClÃ¡sico RCN Andina 2021 ğŸ‡¨ğŸ‡´ğŸš´â€â™‚ï¸ğŸ‘ğŸ† #ElPortalDelCiclismo #DuelodeTitanes https://t.co/0ctL5gyWjv @ClasicoRCN
Anticipos de Nomina con NOI Asistente - https://t.co/SiKat0m6y2 https://t.co/lA1SDyCGmu
"@JulianMCespedes @nacionaloficial @WinSportsTV @rafaeldudamel Es cierto, lo supero. Pero futbolÃ­sticamente tanto en Cali como en Medellin no fue superior con la nÃ³mina que tiene.
Algo claro, en Cali le validaron gol en fuera de lugar"
"@Miguel_Rigual @SergioSarmiento Es que a lo mejor lo encuentras como ""apoyos""  o ""nomina""  como lo hacen canal once entre otros ğŸ¤·ğŸ»â€â™‚ï¸ğŸ¤·ğŸ»â€â™‚ï¸"
"@rouco64 @EquidistanteZen Era y es absolutamente impepinable que el mugriento RodrÃ­guez iba a perder la condiciÃ³n de diputado.
Esto no ha sido mÃ¡s que una pataleta con el Ãºnico resultado de que cobre una nÃ³mina mÃ¡s  como diputado. Y de paso demostrar que se creen por encima de la Justicia y la Ley"
"ğŸ˜¢ğŸ˜± Â¡No va alcanzar ni para el pago de la nÃ³mina! 

@KariPerezPopoca y Luis Alberto Arriaga Lila se llevaron todos los recursos de las Cholulas. https://t.co/VvGOOxwsH8"
"@Lucasfriedmanjr @tadano84z Lo tuvo tan claro que acabo a PDVSA sacando a los tÃ©cnicos, poniendo a sus adeptos asÃ­ no tuvieran ni idea de a quÃ©, recargando la nÃ³mina y desviandola de su objeto social"
"Para realizar una rotaciÃ³n de jugadores entre partidos, un equipo debe contar con una nÃ³mina COMPETITIVA Y DE CALIDAD. https://t.co/SajmvbpN9j"
"@caiiiiice A ver esas cosas son verdad pero engaÃ±osas. Eso del WAHA estÃ¡ sujeto a lo que digan, si toca ir de malas papito. 
Eso de que el eq te apoya serÃ¡n los compaÃ±eros porque  omunicarse con nÃ³mina es ir a los pasillos del infierno jajaja
No todo es malo pero pilas"
"AMLO dice que la prÃ³xima semana termina de pagar a maestros, no quiere aviadores; insiste en tarjeta de nÃ³mina

MÃ¡s detalles: ğŸ‘‰https://t.co/JFibkgLtyn https://t.co/0ihjk3gXnz"
@Maikelshiva87 @DeaconPS4 @RaidenXbsx @GetTrophy @viva_sony @Gamers10kIQ @Julamun Tu nÃ³mina mensual son sus propinas de 2 aÃ±os ğŸ¤£ğŸ¤£ğŸ¤£
"@Juaneslc11 Yo si pienso eso, corredor es un DT del montÃ³n sin experiencia y jamÃ¡s ha ganado nada, no tiene criterio. Es cierto que no tenemos nÃ³mina, pero tampoco tenemos DT que pueda medio hacer algo por esos troncos, no se ve trabajo. Basta de defender lo indefendible. TODOS SON CULPABLES"
"Eso era antes de ser CASTA, como vienen de la universidad y no han trabajado nunca y derepente te ves tocando moqueta y privilegios, ahora bajarse del sillÃ³n y la nÃ³mina es jodido. https://t.co/33KVlSrzz8"
@KvMafia @P3pe_fernandez @NapoDainamait @LeviEsYellow Ese mamarracho no ha hecho una nÃ³mina en su puta vida. Por no hacer no ha utilizado ni la herramienta para darse cuenta de la estupidez que estaba diciendo...
"N.L: @poderjudicialnl  requiere un presupuesto eficiente, para apuntalar el sistema de justicia laboral con tribunales virtuales, equipamiento, tecnologÃ­a, y nÃ³mina para 120 colaboradores en la primera etapa y  2,000 M2 de oficinas, para mayo de 2022. https://t.co/TMXKQ04q8J"
"@CarloAngrisano @Girauters @FranHervias @GirautaOficial Otros pa la nÃ³mina del globalismo 2030 , del @populares  pa lo que has quedado @GirautaOficial"
@ApplePayMex @MetrobusCDMX Banorte nomina VISA
Vamos familia que en 10 dÃ­as se recibe nÃ³mina ğŸ¥¸
"Pide a maestros de MichoacÃ¡n que le ayuden para que no vuelva a pasar lo mismo: ""Se manda el dinero y lo usan los gobiernos para otras cosas y no pagan a maestros. Propongo: si nosotros pagamos de manera directa, si hay nÃ³mina como para maestros federales, ya no habrÃ­a problema"""
"@diegonoticia Pero ya sabemos quiÃ©n es el campeÃ³n, mejor nÃ³mina, mÃ¡s jerarquÃ­a, juega con 12 Donde este tiene el mando,si por error pitan en contra de ellos, hacen todas las denuncias habidas y por haber, eso es complicado dueÃ±os del futbol a la vez dueÃ±os de un equipo, no hay fair play"
"@hclucie13 Esa cancion es buenisima, la hace la nomina del pin, si ya la escuchaste, tienes un buen gusto musical si, no te invito a escucharla jejeje saludos"
"@Mayo1901 No se si entendÃ­ tu pregunta. 
Si tu trabajo es FORMAL, tu patrÃ³n hace los descuentos de nÃ³mina que mÃ¡s tarde transfiere a Hacienda. 
Si tu trabajo es INFORMAL, NO deberÃ­an descontarte nada, porque tu patrÃ³n tampoco estÃ¡ dado de alta en hacienda. Esto lo puedes denunciar al SAT."
Â¿QuiÃ©n es quiÃ©n en los crÃ©ditos de #nÃ³mina? ğŸ‘€ AquÃ­ un comparativo de todos los bancos: https://t.co/zimGmgVmV5 https://t.co/gKCUUpFveC
"Lo chimba: Estar de nuevo en una final y con polÃ©mica y todo.
Lo pelle: El juego de @nacionaloficial. 
Con esa nÃ³mina era pa' pintarle la cara a cualquier equipo que se pare al frente."
"@JulianMCespedes @nacionaloficial @WinSportsTV @rafaeldudamel Creo que Dudamel solo tomo como base un hecho para concluir algo apenas lÃ³gico. La organizaciÃ³n ardilla lule es quien paga la nÃ³mina de nacional y de Win Sports, por lo que es apenas lÃ³gico que los periodistas de ese canal defiendan en sus comentarios al equipo verde Â¿capich?"
"@soydejunior_ Entendible, los verdolagas llevan ya mÃ¡s de 4 aÃ±os sin ganar la liga y eso que han invertido millones en refuerzos y tÃ©cnicos, y les ha tocado ver bicampeones a Junior, America y Tolima (su eterno papa). Este aÃ±o si van por todo, invirtieron en nÃ³mina y Ã¡rbitros."
El glorioso momento en que al fin firmas tu primer recibo de nÃ³mina ğŸ˜Œâœ¨
"Lo q hay q leer
Luca desagradecido x meter a Julen en la nominacion.
Julen si, ese personaje q intentÃ³ enmerdar a L hasta el cuello cn mentiras sobre la subida d Isa. Si, el mismo q nÃ³mina a L semana si y semana tb. Si, el mismo J q habla x delante 1 cosa y atrÃ¡s otra
#Secret22O"
Comentan las nÃ³mina iones despuÃ©s de la gala. https://t.co/RF3Y5CPogG
"Pensionados: este mes el pago de nÃ³mina se harÃ¡ efectivo el prÃ³ximo lunes.
#FONCEPTeInforma https://t.co/1sgfnT1vj6"
"8,000 empleados municipales en #Naucalpan y una nÃ³mina anual de 3,000 millones de pesos; con tan onerosa burocracia deben creer que el municipio funciona eficientemente. Pues no, es uno de los peores lugares para vivir actualmente. Falta total de servicios pÃºblicos bÃ¡sicos."
"Lo mÃ¡s grande que tenemos en el SENA, es el talento de nuestros aprendices, instructores, funcionarios, emprendedores y muchos mÃ¡s. PostÃºlate a Talento SENA 2021 o nomina a quien creas que debe ser reconocido, en https://t.co/BDAznw2oWp https://t.co/egxUQKd9sL"
"A esta gentuza les pagamos los espaÃ±oles, son muy catalanes pero la nÃ³mina del estado EspaÃ±ol, vergÃ¼enza! Yo no quiero a estos fascistas en el Congreso de los Diputados, lo siento pero con mis impuestos  no! Dais mucho asco! 
#SoloQuedaVox y CataluÃ±a es EspaÃ±a! ğŸ‡ªğŸ‡¸ğŸ‡ªğŸ‡¸ğŸ‡ªğŸ‡¸ğŸ‡ªğŸ‡¸ğŸ‡ªğŸ‡¸ğŸ‡ªğŸ‡¸ğŸ‡ªğŸ‡¸ğŸ‡ªğŸ‡¸ğŸ‡ªğŸ‡¸ https://t.co/nyZKSmGlAW"
"@UCS_GCDMX @PDHCDMX @Claudiashein @evelyn_parraA @A_VCarranza La Gasolinera contenta, la autoridad nominal cobrando nÃ³mina, y vaya a saber el arreglo en perjuicio de los vecinos de talabarteros y EMolina , las patrullas de #TransitoGCDMX pasan y saludan a la gasolinera (dueÃ±os) mientras calles bloqueadas https://t.co/cOvW6VIDwE"
"@adaralaganadora Y lo mÃ¡s irÃ³nico es q Luis  NO nomine a Julen despuÃ©s de la jugarreta q le hizo a Isabel, q segÃºn Luis es las MÃS importante para Ã©l en esa casa... Y nomina a Adara cuando lo trata sÃºper bien? Es un puto COBARDE!ğŸ˜ 
#Secret22O"
"@ignaciadepano SerÃ¡ para ti. O quieres ocupar las dos sillas?
Oportunista?. NÃ³mina gratis?
Me importa un mojÃ³n donde te vea porque por mi no tendrÃ¡s ni agua gratis.
Vaya ralea"
"@CesarPerezVivas @MinpublicoVE Tu no tienes los cojones bien puestos para hablar de #VielmaMora por que fuiste el peor gobernador del #Tachira creaste la doble NÃ³mina en la gobernaciÃ³n y no ayudaste a nadie delincuente de mierda en cambio Vielma ayudÃ³ a mucha gente a pesar del ""Sabotaje y la Guarimbas"". #23Oct"
"@P3pe_fernandez @LeviEsYellow ğŸ¤£ pues a saber lo que firma usted para decir que de 1500 brutos el trabajador cobra 700. Â¿Voy a tener que enseÃ±arle yo una nÃ³mina, una de verdad, no esas que usted firma, para desmontarle la pelÃ­cula?"
"trabaja y trabaja por esa nÃ³mina baja, el gobierno es el que raja, y no mi navaja."
@WarchiefArtesin @P3pe_fernandez @LeviEsYellow He cobrado 1500 brutos al mes durante aÃ±os y mi nÃ³mina era de alrededor de esos 1200. Pero seguro que usted me va a decir a mÃ­ lo que yo cobraba... Valiente gilipollas.
"@AlexSal39870649 @Juanseduc Exacto, y no hubo recambio porque no hay nÃ³mina para mÃ¡s. Ayer saliÃ³ conservador y Nacional no tuvo cÃ³mo en casi todo el partido. Pasa que la que tuvo nuestro delantero se la comiÃ³ y la de ellos fue adentro. Eso es ser tiernos. No sÃ© cÃ³mo esperaban que salieron a arroyar."
"Hablemos un poco de fÃºtbol., el AmÃ©rica no tiene la mejor nomina, pero tiene un ""mister"" desacertado en sus lÃ­neas, no ha podido acomodar un bn equipo, Osorio resulta muy cambiante, y no es malo alternar juventud con experiencia. Vena al Pereira,tienen toda la actitud."
"En Consubanco podrÃ¡s obtener el capital necesario para el enganche de tu autoâ€¦ y aÃºn mÃ¡s. â€‹

Solicita el tuyo en: https://t.co/9IZTGQFDcf â€‹â€‹

#Consubanco #CrÃ©ditos #NÃ³mina #Auto #AutoNuevo #DineroExtra https://t.co/PTuWMJSKMP"
"@Arboleda__ Yo con el respeto del negro no estoy de acuerdo. Esto no es por la nÃ³mina, no es el Real pero el FPC se puede pelear, sin Teo paseamos a Nacional en Palmaseca. Con menos que lo que hay hoy, el aÃ±o pasado el Cali hizo un partidazo allÃ¡. Para mÃ­, fue un planteamiento defensivo."
"Maquila inteligente de nÃ³mina, son expertos en gestiÃ³n de servicios especializados, optimizan el desarrollo de cada departamento de tu empresa. @alphaadviser_ https://t.co/N85lOfstDn"
"Con la nÃ³mina electrÃ³nica y la reducciÃ³n de la jornada laboral puedes tener aÃºn mÃ¡s dudas con el proceso de liquidaciÃ³n de horas extras, festivos y recargos. Descarga Gratis 5 casos prÃ¡cticos que te ayudarÃ¡n con este importante proceso. Ingresa aquÃ­ https://t.co/L3np7HPvYY https://t.co/myr6XzcmqR"
"#Amistoso | @SeFutbolFem ğŸ‡ªğŸ‡¦ con nÃ³mina alterna, superÃ³ a @FRMFOFFICIEL ğŸ‡²ğŸ‡¦ por 3-0, con doblete de @atheeneeaa_10 y uno de @amaiursarriegi. El partido se realizÃ³ en la ciudad espaÃ±ola de CÃ¡ceres. https://t.co/axn2B7Ji81"
"@petrogustavo Los de la boquilla en #CartagenaConPetro NO saben cuÃ¡nto fue el desfalco en la BogotÃ¡ humana, no saben la nÃ³mina paralela corrupta que nombrÃ³ en su alcaldÃ­a, No saben que repartiÃ³ droga (CAMIS). No saben que se robÃ³ la malla vial. EL PEOR ALCALDE. HECHOS. EL MADURO COLOMBIANO"
"@ciudadanoSUZ @Rodrigo_Lara_ Que chiste tan malo.Que gran utopÃ­a. El gran ladrÃ³n de BogotÃ¡: destrozÃ³ la ciudad, les diÃ³ droga al que quiso. UtilizÃ³ la AlcaldÃ­a para llevarse la plata de bogotanos a paraÃ­sos fiscales, se robÃ³ los recursos de malla vial, nÃ³mina paralela corrupta.HECHOS DEL CACAS @santiagoAFC"
"@JavierM58805493 Entonces no les estÃ¡s pagando a quien trabaja mÃ¡s mÃ¡s. Les pagas lo que te obliga la ley, ni mÃ¡s ni menos. Y no te denuncian porque puedes pagarles en nÃ³mina mÃ¡s que el convenio y queda reflejado."
âœï¸PostÃºlate a #TalentoSENA 2021 o nomina a quien creas que debe ser reconocido por impactar positivamente su vida o su comunidad. Dale â–¶ï¸ y conoce las categorÃ­as de la estrategia y cliquea para que conozcas los detalles para participar. ğŸ‘‰ğŸ”— https://t.co/ad1wDk83PF https://t.co/FS8rihPeev
"@ElSaltoDiario @Pam_Angela_ @Des_bordes @Defarge1789 @AlvaroMin SÃ­, que te lo llevas crudo a cuenta de contar milongas... Si tan revolucionarias, como, el Che, sois del feminismo porque ninguna se va algÃºn paÃ­s musulmÃ¡n a luchar por los derechos de las mujeres... Vuestra lucha es de despacho, buena nÃ³mina, dietas, transportes, secretarias..."
@SVargasOK Jajajjajjaa Samuelito si no te pagarÃ¡ la nÃ³mina el grupo ardila te creerÃ­a pero no puedes morder la mano que te da de comer jajjjaaa
"@aggesite @doloressaburido @PabloIglesias @ArnaldoOtegi @ctxt_es @ehbildu @populares Elvira GarcÃ­a, expulsada del partido morado y trÃ¡nsfuga en el Grupo Mixto. Fue condenada por dejar de pagar el alquiler de la vivienda social de la que disfrutaba en Vitoria. Pese a su nÃ³mina de casi 8.000 euros en la CÃ¡mara Alta."
@Doctor_Futbol Jose Luis SÃ¡nchez estÃ¡ en nÃ³mina de Florentino PÃ©rez
"@laSextaTV Empezad vosotros, repartir, como dijisteis cuando os presentasteis a las elecciones, tu, como vas de nÃ³mina para echar una mano al currante."
"@elmundoes Valiente HDP

Casi el 40% de la nÃ³mina de un empleado os lo llevÃ¡is vosotros, perros!

Y a eso le sumas las cientas de ayuditas inventadas de la nada para cobrar +/-400â‚¬ sin haber meritado nada, pues prefieren trabajar en negro cuatro ratos y a vivir sumidos en semi pobreza."
"@dlacalle Porque la gente no tiene ni idea se creen que una nomina es lo que cobra el trabajador por eso pasa esto un trabajador de 1000 euros son 1800, lo que se gasta la empresa"
"@proceso No gracias, cuando su siguiente viaje a visitar a Maduro? No estÃ¡ en esa NÃ³mina?"
"@marioherzam Gracias don Mario pues usted es de los que genera empleos, paga cumplidamente su nÃ³mina, trata de seguir creciendo y aportando al paÃ­s, gente como usted poca, continÃºe expandiendo su gran empresa y no le coma cuento a los que no saben lo que es crear un producto"
Yo al ver mi nÃ³mina https://t.co/kDQaQTB0bU
ArmÃ³n entra en la nÃ³mina de â€œinteresadosâ€ para comprar las instalaciones de Barreras https://t.co/uGtBKLrWET a travÃ©s de @Farodevigo
"Las guardias, en general  no computan como tiempo trabajado pero si computan en el IRPF y hace que se incremente su porcentaje en 4 Ã³ 5 puntos sobre el total de la nÃ³mina.
Informe 2011 sobre jubilaciÃ³n mÃ©dicos del SNS de @medicosgranada. https://t.co/ZQtDDT3S7yÂ Â â€¦"
@FLMIRONES Claro y contundente.... Que narices estÃ¡n haciendo algunos mÃ©dicos permitiendo este despropÃ³sito?. Tanto cuenta la nÃ³mina de final de mes? A mÃ¡s de uno y una os falta Ã©tica y dignidad
"@Jonatan83067495 @velascoandres92 @JJMiranda15 Nacional tuvo una y convirtiÃ³. No es de funcionamiento, es de calidad de los jugadores. El rendimiento de AN fue bajo en esta llave, en cali sufriÃ³ para empatar con gol no legÃ­timo y ayer se vio sometido por un equipo inferior en nÃ³mina. IncreÃ­ble pero ayer tuvo mÃ¡s opciones Cali"
"Por algo es el maestro Bielsa

Muy grande, deberian aprender (ni lo escucharan) Koeman o gente como Mourinho lo que significa ser un ENTRENADOR del fÃºtbol, que es mucho mas que poner 11 jugadores a dar patadas a un balÃ³n y cobrar la nÃ³mina https://t.co/97LYTFDiCf"
@europapress Este defraudador ni un solo dÃ­a mÃ¡s en nÃ³mina del pueblo..
"Efectivamente no hay duda que estan en nÃ³mina del PP para evitar que ilegalizen a un partido de ladrones. Casado dice que sus candidatos al Constitucional ""estÃ¡n fuera de toda duda"" y que se ha avanzado en la independencia https://t.co/kzd3dVVSzp"
@lamaricasta @AlVencido Este defraudador no deberÃ­a estar ni un solo dÃ­a mÃ¡s en nÃ³mina del pueblo.
"@JorBasBo Es tÃ­pica canciÃ³n que ponen a la baladista de la ediciÃ³n y la nÃ³mina con la crÃ­tica de ""se te ha visto a disgusto en el escenario, no has estado a la altura de tus compaÃ±eras. Lo siento, pero este reto no lo has superado. Te proponemos para abandonar la Academia""."
"@martatorredev Por curiosidad, he visto tu web. Te contratarÃ­a fijo. Que cosa mÃ¡s formal por dios. Me ha dado ganas de domiciliarte la nÃ³mina aunque no me haga falta para nada una pÃ¡gina web"
"@rumbopropio @elmundoes Na, quieren salvarle la nÃ³mina al guarro de las trencitas."
"La #Condusef publicÃ³ un estudio #comparativo en el que seÃ±ala quÃ© entidades ofrecen #crÃ©ditos de #nÃ³mina con mejores alternativas de pago.

El Economista"
"@CarlotaLlauger @anaisbernal @elperiodico Mal ejemplo dais permitiendo en vuestro programa la presencia de personas tan machistas y deleznables como Alba y otros personajes que tenÃ©is en nomina. Sois pura hipocresÃ­a , solo defendÃ©is a segÃºn que mujeres a otras las machacÃ¡is."
"NO SON EMPRESAS ENERGÃ‰TICAS HAY QUE LLAMARLAS POR SU VERDADERO NOMBRE
EMPRESAS POLÃTICAS.
LOS PATRIOTAS DE ESPAÃ‘A ARRUINANDO A LA CLASE MEDIA Y BAJA, RESUMIENDO AL TRABAJADOR.
CHANTAJEANDO A TODOS LOS ESPAÃ‘OLES.
PATRIOTAS QUE SOIS UNOS PATRIOTAS.
EN NÃ“MINA POLÃTICOS
PNV-PP-PSOE"
"@gusgasgv Hola, Gustavo, te saludamos desde nuestro Twitter. En nuestra Web, dentro del apartado de ""Bases Legales, Sorteos y Promociones"", podrÃ¡s encontrar las bases legales de la promociÃ³n. Te adjuntamos la informaciÃ³n de la campaÃ±a nÃ³mina: https://t.co/SefuyieJ1v"
"@_AlbertoMoya_ ğŸ”´Â¿QuÃ© tendrÃ­amos los Guardias Civiles ahora si AUGC no hubiera estado? Â¿Recuerdas los libres sueltos?Â¿Recuerdas tu nÃ³mina hace unos aÃ±os? 

ğŸ‘®ğŸ»ğŸ‘®â€â™‚ï¸#TuVotoTuFuturoAUGC"
"@Augc_Coruna ğŸ”´Â¿QuÃ© tendrÃ­amos los Guardias Civiles ahora si AUGC no hubiera estado? Â¿Recuerdas los libres sueltos?Â¿Recuerdas tu nÃ³mina hace unos aÃ±os? 

ğŸ‘®ğŸ»ğŸ‘®â€â™‚ï¸#TuVotoTuFuturoAUGC"
"@AUGC_MelillaSGP Â¿QuÃ© tendrÃ­amos los Guardias Civiles ahora si AUGC no hubiera estado? Â¿Recuerdas los libres sueltos?Â¿Recuerdas tu nÃ³mina hace unos aÃ±os? 
ğŸ‘®ğŸ»ğŸ‘®â€â™‚ï¸#TuVotoTuFuturoAUGC"
@jgmontalban Â¿QuÃ© tendrÃ­amos los Guardias Civiles ahora si AUGC no hubiera estado? Â¿Recuerdas los libres sueltos?Â¿Recuerdas tu nÃ³mina hace unos aÃ±os? #TuVotoTuFuturoAUGC https://t.co/BEIXUJZYxv
"@plazadeportiva_ Vaya ex futbolista tenemos en nÃ³mina. Es una puta risa de persona, no se le puede tomar en serio."
"@Kapkarrot_ Nadie agradece nada....donde lo tendrÃ­a que agradecer, que es en la nÃ³mina."
Â¿QuÃ© tendrÃ­amos los Guardias Civiles ahora si AUGC no hubiera estado? Â¿Recuerdas los libres sueltos?Â¿Recuerdas tu nÃ³mina hace unos aÃ±os? #TuVotoTuFuturoAUGC https://t.co/KlDSB4K4Ia
"@SEDRembassyMAD @7JesusMacias7 @elzulista No te quitaba la razÃ³n es que cada vez que leo esas barbaridad me viene esa pregunta. 
 Lo de la nomina lo pongo por los requisitos que piden para alquilar,  minimo 2000â‚¬ en nomina con contrato indefinido y sangre de unicornio con cristalinos de suarosky. ğŸ¤¯"
No sÃ© quien carajos ahorita va a tener nomina para convencer a esos catres que se lleven la nomina ğŸ‘ğŸ˜ª
@MrMetamorfosis @nefeerr No estamos hablando de pagar en negro sino de no pagar los impuestos donde se genera la riqueza y de llevÃ¡rselo a paraÃ­sos fiscales. No sÃ© si tÃº tendrÃ¡s tanto dinero como para eso pero a los que cobran una nÃ³mina no creo que les dÃ© para mucho paraÃ­so.
"Cuenta NÃ³mina Bankinter HASTA UN 5% TAE #ahorro #cuentas #bancos
âœ…Abre tu cuenta 100% online en solo 5 pasos, sin pasar por la oficina.
âœ…Sin comisiones y ellos cambiarÃ¡n todos tus recibos.

Ahorra y abre tu cuenta aquÃ­ https://t.co/vrPgXEprqN"
@TereGom32512113 @ChooseLife77 @ChuchoElRotoBks @PatyArmendariz Se nota que tÃº no pagas ni nÃ³mina ni haz emprendido.
"Normalmente hasta ahora las empresas que no hacÃ­an esto era porque contabilizaban la cesta como un gasto mÃ¡s sin incluirlo en las nÃ³minas, pero para cumplir con Hacienda ahora es asÃ­. Recuerda, piensa en la valoraciÃ³n y lo que te costarÃ¡ en nomina, y que te lo calculen en RRHH. https://t.co/yzvDlQpxvr"
"Por lo tanto, la empresa descontarÃ¡ en la nÃ³mina el ingreso a cuenta del IRPF de la valoraciÃ³n del lote de navidad. Entonces cobrarÃ© menos??

El cÃ¡lculo es sencillo y RRHH estÃ¡n obligados a hacerlo por ti. Pide una simulaciÃ³n de cuÃ¡nto te costarÃ¡ el lote ğŸ‘‡ğŸ‘‡"
"BÃ¡sicamente lo que te estÃ¡n diciendo es que a partir de ahora el lote de navidad tributa como retribuciÃ³n en especie, y asÃ­ figurarÃ¡ en la nÃ³mina, como abono, pero tambiÃ©n estÃ¡ sujeto a retenciÃ³n de IRPF...ğŸ‘‡ğŸ‘‡"
"Â¿Has recibido un email o comunicaciÃ³n como estÃ¡ respecto al lote de navidad?. Â¿Que pasa ahora, me lo van a descontar de la nÃ³mina? Â¿Renuncio y me lo compro yo? ğŸ‘‡ğŸ‘‡â˜ƒï¸â˜ƒï¸ğŸğŸ https://t.co/q21HZQXy6C"
"@MarianoCas9 @JuanC_Tenorio @CardielOshun El salario mÃ­nimo diario que la misma mascota confiesa devengar evidencia que solo es, cuando mÃ¡s, el que de rodillas lustra, pule, saca brillo y croma, sin grasa, cepillo, trapo ni pata de bola a toda la nÃ³mina pÃºblica, donde advierte Â¿trabajar?
Saque usted sus conclusiones..."
"@SoyFrancoClark Â¡Changos! La nÃ³mina de mi nuevo trabajo es con Santander, o con Citi. Y lo escogÃ­ porque ya tenÃ­a esa cuenta, y porque la cuenta bÃ¡sica del otro es la de Saldazo, en convenio con Oxxo. A ver si ya tienen una banca en lÃ­nea hecha y derecha, a diferencia de cuando me les fui."
"@guruchuirer AclarÃ³, nunca rebase esa cantidad, y aÃºn asÃ­, me quitaban el impuesto por nÃ³minaâ€¦en el Edo. de MÃ©xico..."
"@guruchuirer Cuando trabajaba(por casi 32 aÃ±os) me quitaba el SÃTRAPA, el 34%..por nÃ³minaâ€¦. ahora de jubilada, debo seguir pagando?"
"@Inesittu No, trabajo bajo nomina pero de irpf tengo 0%, me baja de cosas tipo seguridad social y ayuda al desempleo."
Pero que deje de cobrar la nÃ³mina como diputado tambien https://t.co/anTgjK8OYJ
"@fdbedout Oiga felix , se le nota que hace parte del equipo FARC, bÃ¡jele dos que se le nota estar en la nÃ³mina!!!"
@SEDRembassyMAD @7JesusMacias7 @elzulista La pregunta'es quien que pueda pagar 800â‚¬ euros al mes + fianza+mÃ¡s inmob con una nÃ³mina que sea solvente( mÃ­nimo 2000â‚¬) va a irse a vivir ahÃ­. Por esa pasta y con ese sueldo se tienen otras opciones
"El otro dÃ­a firme mis recibos de nÃ³mina e hice cuentas de cuÃ¡nto pago de impuestos, que coraje que ni beca me dieron DE MI PROPIO DINERO"
"@colartem @Francis53247106 @PajaritoDeIvan AdemÃ¡s eso de que no tiene las herramientas necesarias, un buen tÃ©cnico se muestra con cualquier nÃ³mina, ejemplo tÃ©cnico maruqez con la nÃ³mina de Pereira, el tÃ©cnico de Jaguares, llegÃ³ reyes y con la nÃ³mina de junior que es un poco grosera comparada con las de antes y trabajÃ³ bn"
"@rafaeldudamel lo de esta noche mis respetos no solo eres un gran tÃ©cnico, si no alguien que no se deja robar de atlÃ©tico postobon,compra tÃ­tulos y  el que le paga la nÃ³mina a los albitros hpts descarados,como me hubiera gustado verte en el AmÃ©rica,pero bueno suerte con el cali"
@WinSportsTV Dejen el video completo hpts como postobon les paga su hpta nÃ³mina callan al que dice la verdad sean serios partida de maricas solapados ayudando a atlÃ©tico postobon...
"Parece que el SAT estÃ¡ negando a Walmart la deducciÃ³n de parte de su nÃ³mina por haber utilizado un esquema de outsourcing ilegal, a travÃ©s de la empresa facturadora de RaÃºl Beyruti hoy prÃ³fugo."
"@lobisyou3 @muuskeeteeer @aribv @YayaMarchena Quien te dice que no estÃ¡ ya en la nÃ³mina?, los defiende a capa y espada"
@joseperiodista Ahora varios comentaristas de Caracol parecen nomina RCN
"@WinSportsTV Los del Nacional diciendo que  pa que lloriquean cuando se protesta por arbitrajes, pero ahÃ­ si no se acuerdan que en su nÃ³mina tienen campeonatos gracias a Imer machado, el que ahora es de los que determina quien pita x partido sigue recibiendo su chequesito,bien lo dijo dudamel"
"@Auronseeto No, creo que se basan de como manejas tu tarjeta (s) Citibanamex  y tmb si tienes nÃ³mina con ellos"
"@ArboledaVasquez No pai con esa nÃ³mina y robando, hasta donde hemos llegadoâ€¦ buena noche"
"@Navegaciones Es una burla los sueldos en la UNAM, Chequen desde directores de institutos y centros de investigaciÃ³n cientÃ­fica, Secretarios Academicos y Administrativos, Coordinadores, Jefes de Unidad etc. Sueldo nÃ³mina mÃ¡s depositos 15nales en su cuenta, libre de impuestos. Sueldo doble ğŸ˜‚"
"Triste mente tienes toda la RazÃ³n, esta nomina de @nacionaloficial merece un buen dt, Restrepo partido tras partido no hace si no demostrar que le quedo grande el puesto la experiencia no se improbiza https://t.co/U4DODB98Pe"
"@__LaFe @intiasprilla @marioherzam @JBALVIN @Residente CÃ³mo se hace paÃ­s cuando no se produce en Ã©l?
CÃ³mo se hace nÃ³mina comprando una carga?"
"La verdad si queremos tener una racha de tÃ­tulos de muchos aÃ±os en @JuniorClubSA , no basta con tener buena nÃ³mina e invertir en buenos refuerzos, tambiÃ©n hay que comprar Ã¡rbitros y el VAR, eso ayuda muchÃ­simo. Ojo al dato @ChrisDaes @AlejandroChar"
"@mariofav1309 @Jnarvaez2 @AsoDeporCali Me perdonas pero eso es mentira,en el @AsoDeporCali nunca los tÃ©cnicos pueden pedir jugadores o armar su nÃ³mina,con lo que halla tienen que jugar."
"Como le hacemos entender esto a Dudamel  y a los chafaditos del Cali???
SerÃ¡   que el seÃ±or Borda es hincha de nacional o hace parte se la nomina???
Nahhhhh....no lo creo https://t.co/KDWq35WyDw"
"Miren los comentarios de este twit! Uribismo al 200% 
PaÃ­s, paÃ­s, paÃ­s, atentan contra los intereses del paÃ­s.
Uds no saben lo que es hacer una nÃ³mina!... Esos malparidos no saben lo que quieren, solo quieren llevar la contraria https://t.co/vJdFmw51q0"
@MintrabajoCol Ministro @angelccabrera para que fecha las postulaciones de subsidio a la nÃ³mina PAEF
"@danicorreal1 @nacionaloficial Venimos siendo la mejor nÃ³mina o una de las mejores hace rato, y aÃºn asÃ­ dimos vergÃ¼enza estos 4 aÃ±os"
@JulianMCespedes No te podes defender contra el 15 de la liga jugando de local y con la mejor nÃ³mina del paÃ­s ; los Ãºltimos 25 minutos hoy fueron una vergÃ¼enza .
"@M0noCuc0 @nacionaloficial Y que esperaba? La mejor nÃ³mina del paÃ­s con el mejor escenario posible. 

Estar en una final y ganar siempre es una obligaciÃ³n para nacional. Que usted se conforme con un equipo metido atrÃ¡s teniendo todas las herramientas para meterle 3 goles a ese equipito es otra cosa."
"@vitobta @lauCrdna Llevamos una seguidilla de partidos con los mismos errores y la misma confecciÃ³n de nÃ³mina , Duque ya mostrÃ³ que no estÃ¡ para los 90 y lastimosamente Dorlan no estÃ¡ para inicialista. Sumele a eso el bajÃ³n de nivel de varios jugadores"
"@GavoGavalo @heisenberg5190 @MUnitedEs @FabrizioRomano Scholes tiene todo el derecho de decir lo que dijo, ese equipo no juega a nada sufriÃ³ para ganarle al Atalanta no me imagino este domingo contra el liverpool solksjaer no sirve, solksjaer tiene una nÃ³mina de talla mundial #OleOut"
@LuisOmarTapia @FCBarcelona_es @KMbappe @realmadrid No tienen ni para pagar la nÃ³mina
"@PalaciosFt24 CÃ³mo sigan teniendo que hipotecar las poquitas cosas que les queda por hipotecar para seguir pagando nÃ³mina, ya les vendrÃ¡ su turno tarde que temprano"
@el_preteo @nacionaloficial Listo seÃ±ora llorar y llorar pirobo en el Ã±artido de ida los dos goles del casi con var deberÃ­an de ser anulados y hoy estÃ¡n llorando no nos denominamos somos la mejor nomina del paÃ­s ğŸ¤¡ como todo equipo juega bien y juega regular hasta el psg tiene altibajos deje la lloradera
"Siento que pudimos dar mÃ¡s, siempre lo siento; nuestra nÃ³mina es corta, pero puede siempre dar mÃ¡s, pero bueno, una horrible noche de nuevo con un resultado y una actualidad nada favorable para nuestro equipo."
"La otra semana hay que pagar nÃ³mina, les toca hipotecar el bus para poder pagarle a Teo que se hizo expulsar y a Preciado que solo vino a amenazar gente con su pistola. Hay que hacer un Vaki para ayudarles. Ah verdad que no sabemos como funciona una hipoteca."
"Puede ser puntero de liga y finalista de Copa, pero el nivel de Nacional no es bueno para la nÃ³mina que tiene, no convence en el juego."
Me van a descontar de la nÃ³mina los dÃ­as que llevo sin ir a OrÃ¡culo ğŸ˜‚
"@JuanSGuarnizo La humillaciÃ³n es para ellos, Â¿QuiÃ©n nÃ³mina a semejante pendejazo? Si llegas a ganar que no lo dudo, ya que ahora les gusta la mierda...
Nada mÃ¡s no vayas a decir que tu cama es mÃ¡s cÃ³moda y tu vedette, perdÃ³n digo esposa es mÃ¡s guapa y esas mamadas."
"No sÃ©, de pronto en que fue el CE el que trajo y mantuvo en la nÃ³mina a Angelo? https://t.co/fmtWZF8tR3"
"Yo lo que creo es que la mayorÃ­a de los jugadores en la nÃ³mina prefieren esto, tambiÃ©n han demostrado tener mentalidad de equipo chicoâ€¦. Y si a eso le metemos que el dt saca los pocos jugadores que le apuestan a otra cosaâ€¦ quedamos graves. https://t.co/XsrZuxKHaY"
"@JulianMCespedes @Juanparal @santy_preciado @berriojuangui 6, el primer tiempo fue bueno a pesar de no haber pateado al arco, Ãºnicamente faltaba el pase final.

Ahora, a pesar de que en el 2do tiempo se hizo el gol, fue una vergÃ¼enza defender el gol teniendo esa nÃ³mina y lo peor, estando de local. Ese no es el ADN verdolaga."
"Es difÃ­cil de entender porque esto es Nacional, se jugaba de local y tenÃ­a nÃ³mina suficiente para ir al frente. Querer cerrar un partido desde el minuto 65, con un gol de diferencia no es nada diferente a cagazo. Al frente no tenÃ­amos al River de Gallardo. https://t.co/clR755hqVN"
"Tenemos una nÃ³mina para dominar los partidos, no para sufrirlos de esta manera. Lo de Restrepo es vergonzoso y preocupante de cara a lo que se viene."
"@DonSebs_ Pero que se ponen a joder con mufas, tienen mejor nÃ³mina que todos y estÃ¡n jugando bien. AdemÃ¡s la final es contra el Pereira y en liga solo Millonarios inspirado podrÃ­a quitarles eso, una locura lo de Restrepo debutando con dos tÃ­tulos."
"@ESPNFutbolCol Nacional tiene plantel y el Pereira tiene una nÃ³mina corta, pero el nivel d l Pereira va en una curva ascendente mientras que nacional viene con muchos altibajos y los centrales vienen con unas inseguridades. Pero esto es fÃºtbol y se ve de todo. . gran final se viene."
AsÃ­ es la nÃ³mina de un equipo que necesita del Ã¡rbitro para ganar que tristeza. @Dimayor deberÃ­a de dejar de botar tanta plata en el #VAR https://t.co/8KybUKZd0D
"@ESPNFutbolCol #ESPNF90Colombia Por nÃ³mina e historia, el gran favorito es Nacional. Pero Pereira tiene el enviÃ³n anÃ­mico de que ha eliminado a dos favoritos (Junior y Tolima), y es el Ãºnico que le ha ganado a los dos primeros de la liga (Millonarios y Nacional). Los pereiranos tenemos ilusiÃ³n."
"@juanse_2405 @jumbarila08 @ElVarCentral Pero nunca Junior se ha visto en robos como nacional. Saben que son los mÃ¡s corruptos del fÃºtbol en colombia! Que vergÃ¼enza debe ser, amargo que hace aÃ±os no ganan nada y tiene q robar con la nÃ³mina q tienen!"
"Por cierto, serÃ¡ muy difÃ­cil que el cuerpo tÃ©cnico de la sele le dÃ© una miradita a la nÃ³mina de Talleres? Hay un pelado que juega con el nÃºmero 7, muy bueno, veloz, con despliegue y llegada. Creo que merece la chance, PÃ“NGANSE LAS PILAS!!!!"
"El deportista que se ha preparado bajo estos contexto, en momentos de presiÃ³n recurre a lo que le da mÃ¡s tranquilidad, mi hipÃ³tesis es que el cuerpo tÃ©cnico recurre a eso, con la nÃ³mina que tiene."
El problema es de nomina!! como vas a tener 4 extranjeros en donde solo sirve uno.
"@JennyAV7 @SebastianNohra River es hoy por top 1 o 2 de los mejores equipos de AmÃ©rica, por lo conseguido en su juego, su nomina y resultados en tÃ­tulos."
"@higuitarene @nacionaloficial SÃ­ pero ese no es el ADN de Nacional, loco amado. Tenemos una nÃ³mina para dominar los partidos y no sufrirlos asÃ­."
"@Pauliina_Mejia 5 minutos mÃ¡s y nos empatan. Lo mismo fue contra Santa Fe, sacÃ³ a los jugones y se la jugÃ³ por los penales y le saliÃ³. Terrible manejo de la nÃ³mina en momentos decisivos por mÃ¡s que le den los resultados. Vamos!"
"@Santialarconu Asustado???  no, cagado!!! Que cambios tan malos los que hace este profe, increÃ­ble que con la nÃ³mina que tenemos se termine pidiendo tiempo de local!!! Mucho que pensar esperando las finales!"
"Nosotros tambiÃ©n tenemos un tecniquito, meterse atrÃ¡s con esta nÃ³mina es una ofensa. AsÃ­ no alcanza para ganar Liga."
"@ElMagoVerdolaga IncreÃ­ble el juego de hoy , esto NO es Nacional !!! Semejante nÃ³mina para defenderse desde el minuto 60 ."
"Otra finalğŸ’šğŸ‡³ğŸ‡¬ Â¡Por fin! 

AÃºn que muchÃ­simo por corregir (en especial las decisiones del tÃ©cnico), no podemos terminar sufriendo un partido de locales, con una nÃ³mina superior al rival y la hinchada apoyando."
"Segundo tiempo @nacionaloficial gol y cero control de partido, se buscÃ³ control defensivo pero se terminÃ³ sufriendo, el equipo tiene nÃ³mina y jugadores con caracterÃ­sticas para manejar el balÃ³n y seguir dando solidez desde lo ofensivo. @PulsoVerdeEC ğŸ¶ Vamooos mi VerdeğŸ¶ğŸ’šğŸ¤ğŸ’šğŸ¤"
"Nacional es un equipo de finales, llega a donde llega porque tiene su jerarquÃ­a, pero ojo, no juega bien. No siempre va a brillar, pero hay demasiadas imprecisiones y esa nÃ³mina es para no pasar angustias.

Contento por llegar a una final, pero hay que pulir mucho."
"@nacionaloficial Hoy este DT demostrÃ³ que es un cagÃ³n ; puso a AtlÃ©tico Nacional con la mejor nÃ³mina de Colombia a defenderse desde el minuto 60 !!! VERGÃœENZA el juego de hoy , esto que vimos hoy no es Nacional ."
"Con discusiÃ³n, con pelea al final, gano Nacional. 
Pero el tÃ©cnico Restrepo es un cagÃ³n completo, no puede meter todo el equipo atrÃ¡s con la nÃ³mina que tiene. FÃ¡cilmente tenÃ­a los jugadores para dominar el partido y manejar el resultado."
"@TBetcy @AsoDeporCali A uds siempre les han pitado ome.. o es que no te acordas de IMER MACHADO que hasta en ""la nÃ³mina lo tenÃ­an"". Mas pruebas?ğŸ¤”"
@Arboleda__ No pasa nada con esa nomina y no pasa nada con Dudamel siempre poniendo ese bus
@JuanMaHouse Sobre todo con esa nÃ³mina.
"@nacionaloficial Bien, el equipo cumpliÃ³ con el objetivo de avanzar a la final del torneo Pero se jugÃ³ regular Se ganÃ³ por la mÃ­nima, sin sobrarnos nada y mas bien el rival encimandonos y llegandonos Pareciera que aparte del DT no administrar mejor la nÃ³mina, tambiÃ©n se ha bajado en rendimiento.."
"@nacionaloficial Es una pena con una nÃ³mina como la que se tiene se termine de esta manera, un dejavu de guimares"
"@pilarvelasquezv Triste ver como nos defendemos de mal , semejante nÃ³mina y cagaos de miedo ... Restrepo cagao !!!"
"Siempre que se juega contra Nacional, se juega contra la mejor nÃ³mina del campeonato, y sobre todo contra los Ã¡rbitros, el VAR, y la DIMAYOR!"
@claudiagestro NÃ³mina mÃ¡s cara de MLB en sufriendo vs Atlanta...
@nacionaloficial Alejandro Restrepo es un tÃ©cnico muy malo se salva ir la nÃ³mina y los buenos jugadores 1ue tiene
"Restrepo tenes el estadio lleno con la mejor nÃ³mina del paÃ­s, deja de joder que esto es @nacionaloficial, acÃ¡ se busca golear no defender el partido no podes ser tan cagado!!! AsÃ­ no se gana la liga"
"Que vergÃ¼enza meterte atrÃ¡s, muerto de susto, con la nÃ³mina que tenÃ©s."
"Bueno primer fracaso de @rafaeldudamel improviso con la nÃ³mina,  regalo primer tiempo @AsoDeporCali"
Es un flojo Nacional el ST y no hemos tenido cÃ³mo hacerle cosquillas. QuÃ© tierna esa nÃ³mina. As always.
"Muy mal lo de Restrepo, esto es @nacionaloficial, se busca el 2, 3 gol no se tira a defender de local, sacando volantes para meter defensas, esto no es santa fe, inicio bien la campaÃ±a pero si sigue asÃ­ que aliste maletas porque esta nÃ³mina de nacional es pa golear cada partido."
Tengo la corazonada que vamos a pagar estos desastres de planteamientos en los partidos mÃ¡s importantes. Imperdonable de este DT no quedar campeÃ³n con esa nÃ³mina.
"@GermanL51939360 @RevistaSemana Si Excelente , porque la nÃ³mina de los Narcocriminales es grande ."
@nacionaloficial el equipo con la mejor nÃ³mina del paÃ­s defendiendo UN SOLO GOL DE LOCAAAAAAAAAAL.
Que tristeza me genera tener esta nomina y estar aguantando un 1-0 de local y haciendo cambios que ni Bolillo se atreverÃ­a a hacer.
"Uy no Bancolombia me la pela, supuestamente mi cuenta es de nÃ³mina y me cobran cuota de manejo sabiendo que me dijeron que no!! HPTAAAAA ME DESCOMPLETARON MI PLATICA ğŸ˜¡ğŸ˜¡ğŸ˜¡ğŸ˜¡ğŸ˜¡ğŸ˜¡ğŸ˜¡ğŸ˜¡ https://t.co/v65UXihksV"
"@teresacastellmx Ahora resulta que pagar impuestos es lo que daÃ±a a las familias mexicanas, por si no sabes los que contribuyen siempre son los empleados porque se les descuenta de su nomina, los evasores son los empresarios que usan los donativos para pagar menos impuestos, sueÃ±an con ser ricos"
"@MartaFeliz77 @8stella0 Pero bien q no les nÃ³mina en ninguna nominaciÃ³n xd serÃ¡ por algo si tan calados los tienen y no lo hace por algo, los verÃ¡ sin maldad de verdad y piques infantiles"
"Deje el miedo Alejandro Restrepo, tiene la nÃ³mina mas prodigiosa del FPC. @nacionaloficial"
"@SoyNelsonPulido @Corpereira @sicsuper @HumoPereirano @VivianaOspinaV @LaFuriaMatecana @d_pcas @EliDuqueA @elmago_b @JulianSantaR @Corpereira , no maltraten los abonados, e investiguen esa mafia que hay adentro, recuerden que nosotros los hinchas, somos quienes les ayudamos a toda su nÃ³mina.
#FueraCamilaSanta"
"@Arboleda__ Eh pero profe, con Pusineri nunca Salimos a escondernos y tenia menos nomina que la de ahora."
"ğŸ”´ Â¡AL AIRE! ğŸ¤ğŸ§ğŸ“»

Â¡Charlando con @DatoLeopardo!

ğŸ•˜ 9 a 11 p. m.
ğŸ™ï¸ @TwitterSpaces

EmisiÃ³n 4ï¸âƒ£2ï¸âƒ£:
ğŸ“Œ Previa (estadÃ­sticas, posible nÃ³mina del 'Leopardo', lesionados y mucho mÃ¡s) @ABucaramanga vs. @DeporPasto

ğŸ”¥ğŸ”¥ğŸ”¥ğŸ”¥ğŸ”¥ğŸ”¥ğŸ”¥ğŸ”¥ğŸ”¥ 

https://t.co/it9s1BC4sw"
"Un citalopram, 6 gotitas de CBD y otro dÃ­a a la nÃ³mina."
Una nÃ³mina tan cara para solo depender de lo que pueda hacer Baldomero tanto en ataque como en defensa
"Eh broma, lo voy a disfrutar hasta que me llegue la nÃ³mina."
"@FCBarcelona_es @JoanLaportaFCB La aficiÃ³n necesita creer, y sÃ³lo se puede creer cuando hay una identidad de juego definida.
Por ejemplo, el Ajax no tiene la mejor nÃ³mina, pero si es uno de los equipos que mejor juega. La aficiÃ³n quiere divertirse en el estadio, no sufrÃ­r como lo hace Ãºltimamente."
Quien pelea por estas novedades de nomina en el #INPEC? Nadie! Solo nacen nuevos sindicatos cada dia para aforo y no ser trasladados quienes si son el cancer silencioso en las carceles.
"Desde talento humano en el @INPEC_Colombia anuncian retrasos en el pago de nomina del mes en curso, nunca ocurria esto como ya viene sucediendo este aÃ±o, ya es preocupante."
"@HSBC_MX 11 dias reteniendo mi dinero ahorrado, mi nomina y tendre que esperar haber si el fin de mes ya puedo retirar? Es neta ""haber si puedo""..."
@AlejaSanchezzs @EnriqueAlfaroR Apuesto a que estÃ¡s en la nÃ³mina...
Hay un viejo dicho que dice â€œCon la nÃ³mina no se meteâ€ ğŸ˜Œ
"#ClasicoRCN21ğŸ‡¨ğŸ‡´ğŸš´â€â™‚ï¸
#DuelodeTitanesğŸ‡¨ğŸ‡´ğŸš´â€â™‚ï¸
#CiclismodeColombiağŸ‡¨ğŸ‡´ğŸš´â€â™‚ï¸

La nÃ³mina del @EPMCiclismo  para el @ClasicoRCN @CervezaAndinaCo 2021 (23-31 de octubre).

â— Juan Pablo SuÃ¡rez 
â— Aldemar Reyes 
â— GermÃ¡n ChÃ¡ves 
â— Fredy MontaÃ±a  
â— Diego Ochoa
â— Hernando BohÃ³rquez https://t.co/HiFGPTSB3t"
@sor_ise @HSBC_MX Son de lo peor. Yo los tengo bloqueados ğŸ¤• pero tuve que abrir una nÃ³mina con ellos ğŸ˜”
"NÃ³mina electrÃ³nica se pone en marcha y avanza con Ã©xito @WareDigital 
https://t.co/iU6C2h265n

#FelizJueves #RedExpertosCyS @Yulderj @REDDEPRENSACOL https://t.co/XQm3ncGifP"
"Es una  pena tener un  disque Presidente  @lopezobrador_  que no tiene idea de todo  lo que deben arriesgar los empresarios El,nl seguro lo mÃ¡s que talvez pague  de su bolsa  sea una sirvienta  Ni idea de que  es una  nÃ³mina  de 20 o 30 mil empleado https://t.co/1oUvpm85ub"
"@EduardoLuisFut 
Saludos Relator y feliz noche!
PorquÃ© no estÃ¡ Teo en la nÃ³mina del Cali...
Soy de Junior ğŸ¦ˆâš½â˜ğŸ¾
Pero Creo va Cali a la final ."
"@velezfutbol tengo una pregunta respecto a los equipos que participan en la copa betplay, y es respecto a las nÃ³minas.
Por la ventaja es notoria de los grandes. O hay alguna norma que obligue alinear a juveniles.
Por que casi todos tienen la misma nÃ³mina de liga"
"Yo dizque ojalÃ¡ gane el cali, y me acordÃ© que Nacional tiene la mejor nÃ³mina del paÃ­s y estÃ¡ de local ğŸ˜…. Pero bueno, espero llevarme una sorpresa."
"Lo que darÃ­a cualquier equipo del FPC por tener a SebastiÃ¡n GÃ³mez en su nÃ³mina, ay Restrepoâ€¦"
"@nenacpd @AccionNacional Desde la lÃ³gica de @SergioSarmiento  este dinero fue para pagar la nÃ³mina de los trabajadores de limpia  del EDO. De Mexico 
No sean mal pensados"
Los Ãºnicos que critican son personas que nunca saben que es pagarle la nomina o mesada a un hijo. Tranquilo Mario que las personas que tienen autoridad no te criticanğŸ‘ https://t.co/7qx6BnFaur
"@oncecaldas @WplayColombia Que porquerÃ­a de equipo, que porquerÃ­a de nÃ³mina."
"@BRACOS01 @csantave @JuanHerRod MÃ¡s lo que ya soltaron prenda; sujetos que encarnan la corruptela en la provincia le coquetean al PactoH. Con Roy, su esposa; con Benedetti su suegra. A ese paso no habrÃ¡ cambio ni en los nombres de la nÃ³mina estatal."
Esta nÃ³mina me deja muchos interrogantes... https://t.co/3hNistOCFu
@Juaneslc11 Se dio cuenta que esta nomina no da para mas
@jm_tabare4 Viste la nÃ³mina de cali? Es mierda
"Yo creo que Corredor se resignÃ³ con la nÃ³mina y estÃ¡ haciendo lo que puede con esta nÃ³mina para terminar el torneo, no hay explicaciÃ³n mÃ¡s lÃ³gica para los cambios que hace el boyacense."
"Que nÃ³mina tam floja la de Restrepo, Andrade y GÃ³mez tienen que ser titular."
"Julen ya hablando mal de Adara, yo no se por que le duele tanto la indiferencia de Adara si el la nÃ³mina siempre que puede.

#secret21O"
cuando me ingresan la nÃ³mina https://t.co/QC9oIpx6Yu
@AsoDeporCali @Bco_Popular AquÃ­ no hay nada esta nomina transmite un miedo de dudamel y Vazquez Angelo y Velasco no le hacen un gol a NADIE
MaÃ±ana lanzo la nÃ³mina para @cassettefest â€¦ el â€˜line upâ€™ que llaman los elegantes diferentes . Quien les gustarÃ­a???
Bueno yo flipo el canales nomina a cynthia y todavia se tiene q excusar ella!!!ğŸ¤¦ğŸ½â€â™‚ï¸ğŸ¤¦ğŸ½â€â™‚ï¸ğŸ¤·ğŸ½ #SecretGala7 #secret220 #secret210
@AsoDeporCali @Bco_Popular Dudamel me decepciona cada dÃ­a mas lo poco que tenemos lo deja en el Banco y vuelve a insistir con ese Balanta es obvio que el plan no le va salir y Ã±e va tocar merer todo el batallÃ³n para el segundo tiempo cuando ya sea tarde. Desesperante esta nomina
Ahora si tengo una verdadera razÃ³n para cambiar mi nÃ³mina a Citibanamex jajajajaja ğŸ¤¡
@nacionaloficial Que quede constancia que el prospecto de entrenador se la juega (y podrÃ­a morir) con el jugador de menor nivel futbolÃ­stico y fÃ­sico de la nÃ³mina. Rovira es perverso y desde que borraron a Sebas empezÃ³ a bajar la curva de rendimiento.
Aclara @nacionaloficial que el arquero Kevin Mier presenta una faringoamigdalitis aguda y por esa razÃ³n entrÃ³ en la nÃ³mina David Agudelo. (Pronta recuperaciÃ³n)
"@Nani95292740 @SecretStory_es A Julen no... porque la decisiÃ³n era de ambos!!! Y Julen no soporta a Luca, de hecho lo nomina siempre!"
"ASÃ VA EL VERDE PAISA! 
NÃ³mina titular de ATL Nacional para enfrentar al Deportivo Cali. #BandaDeportiva https://t.co/ndfJQR07jm"
se me estÃ¡n acabando los datos..y viendo esa nomina.. hasta maÃ±ana chicos.!! se me cuidan.!!
â¬†ï¸ El arquero Kevin Mier presenta una faringoamigdalitis aguda y por esa razÃ³n entrÃ³ en la nÃ³mina David Agudelo.
"ASÃ SALE EL VERDIBLANCO! 
NÃ³mina titular del Deportivo Cali para enfrentar al ATL Nacional. #BandaDeportiva https://t.co/MTnJq6aYqz"
@CARLOTAEMELEC @SecretStory_es Que no le a salvado madre mia... fue una decisiÃ³n de ambos y ademÃ¡s Julen siempre le nomina punto final! ğŸ¥± AdemÃ¡s tenÃ­a que subir a alguien Isa Luis Cris o Julen... a quien iba a nominar xd.... hablar con COHERENCIA
Dios mio que nomina tan miedosa y otra vez con balanta de titular nos van a meter 5 https://t.co/nKsf0OmIvt
