"@ArturoErdely @redes_hoy39 @UNAM_MX Y cuando? Xq cn ese argumento llevan a√±os y asi seguir√¨an si no hubiera tocado el Tema el presidente, como a uds no les afacta, xq  como ya tienen su trabajo asegurado, su pension asegurada, se Jordan los demas."
"@pame6715 @aracelibs @VicenteFoxQue Siga pataleando Fox, no se queja que sus amigos del PAN desfalquen estados, a usted lo √∫nico que le interesa es que ya no puede robar tan f√°cilmente, como antes. Le quitaron su ducto y si pensi√≥n, ya p√≥ngase a trabajar mejor!!! Pare de chillar ü§£ü§£ü§£ü§£"
"Acuerdo de pensi√≥n alimenticia, suscrito por la demandante @Lov3OfMyLif3_ y la demandada, responsable de los hijos venidos y por venir @barbara_lopez21‚Ä¶ https://t.co/NzDqQ27jSI"
"@PaoHerreraC Y lo peor de todo es que han cotizado, pero como todo aqu√≠ hay que demandarlo, a mi abuela, por ejemplo le negaron la pensi√≥n. F√≠jese... semanas completas y m√°s, 77 a√±os y todav√≠a sentadita en una m√°quina de coser quej√°ndose que lo le alcanza para el mercado. Da es rabia!"
Por esto es que @petrogustavo est√° trabajando incansablemente con un maravilloso equipo de economistas que les va a dar a TODOS los adultos que no tengan pensi√≥n y hayan cumplido la edad una renta b√°sica por encima de la l√≠nea de pobreza ‚ù§Ô∏èüôèüèæüá®üá¥ https://t.co/UxfBGwdTtG
@NoticiasCaracol @lopezjosedaniel Si llega Petro al poder vendiendo aguacates creara un fondo para que todos tengan pension.
Julio Anguita volvi√≥ a dar clase cuando dej√≥ la pol√≠tica. Se jubil√≥ como maestro de historia. No cambi√≥ de coche ni de casa. Rechaz√≥ pensi√≥n como exparlamentario y fondos de pensi√≥n privados. Vivi√≥ con pensi√≥n de maestro. El lunes curso mi baja de UP y que no cuenten con mi voto. https://t.co/nuKuGFxjky
Julio Anguita volvi√≥ a dar clase cuando dej√≥ la pol√≠tica. Se jubil√≥ como maestro de historia. No cambi√≥ de coche ni de casa. Rechaz√≥ pensi√≥n como exparlamentario y fondos de pensi√≥n privados. Vivi√≥ con pensi√≥n de maestro. https://t.co/u3HKEP8LuI
Los medios de comunicaci√≥n y su ma√±a de romantizar la pobreza y la profunda desigualdad en Colombia...la se√±ora deber√≠a tener acceso sin problema a la medicaci√≥n que necesita y ella y su esposo una pensi√≥n digna que les permita vivir tranquilos por el resto de sus vidas. https://t.co/l3xGz0pX7D
"Muy claro de algunos que no han tenido mucha experiencia en investigar los determinantes sociales de la depresi√≥n en adultos mayores, entre ellos el acceso a pensi√≥n."
"@FreeWeed8 Kualkier kosa k no sea la mentira de los #CSC Akel k me dijo """" en 5 a√±os k tengo la aso no he cobrao un duro (legal) pero he cambiado 5 veces de coche"". Agarrate los machos. Vi la verdadera ""trastienda"" del Club. Ya kisieran los narkos un chollo asi"
@USanMartinCO Y.. el cumplimiento del pago de deudas de pensi√≥n y salariales? Est√° en la estructura de calidad?
@PaoHerreraC Y las nuevas generaciones a√∫n creen que en este pa√≠s hay futuro para buscar una pensi√≥n o a√∫n m√°s para poderla disfrutar.
"@contrastado @MasAlLiquindoi Una buena pensi√≥n para que no robe y lo otro, como dicen los globalistas sobra gente en el mundo. Menudo regalo nos dejan."
"@sorayamelcon1 @japtapias La desgracia se la traer√° a Pedro S√°nchez. Si es imb√©cil, con pocas luces y ya no se acuerda q sus bases lo eligieron precisamente por enfrentarse al aparato, all√° √©l. Es tan trepa y tan corto q volveremos a verlo con √âvole, llorando. Ser√° distinto ya tiene la pensi√≥n asegurada."
@PaoHerreraC Peor a√∫n la universidad de los nades hace como dos a√±os p√∫blico el informe de que as√≠ como van las cosas m√°s del 80%no vamos a tener pensi√≥n.
"Periodismo de un pa√≠s desarrollado: la pobreza y desigualdad en pa√≠ses de Am√©rica Latina lleva a que adultos mayores no logren llegar a tener una pensi√≥n, incluso muchos no cuentan con un seguro m√©dico. 

Periodismo colombiano: https://t.co/axej3tYiQO"
"A pensi√≥n de vejez, invalidez y sobrevivencia, de origen com√∫n, pueden acceder colombianos que cotizan a pensi√≥n en el exterior.
#NoticiasBQüî¥üü°üü¢
‚û°Ô∏è https://t.co/OOZNcmHBxq https://t.co/jDstqRu4sD"
"@zoryOroca @iFoodCo Peor, me dejaron sin cena despu√©s de llegar de trabajar por m√°s de 12 horas y pa colmo tengo que andar escribiendo varias veces pa que me regresen MI plata y adem√°s, tuve que pedirlo en un cup√≥n porque si no me llega junto con la pensi√≥n"
"@LettingFocus u don't think this was a conspiracy to ease up on social security, pensions and Medicaid, why not just wipe out the elderly what a wonderful idea by the elites.

my dad has has Alzheimer's and i don't care if he's shitting all over himself I will NEVER! put him in LTC"
"#Investors in new #funding round include Ontario Teachers‚Äô Pension Plan and #funds managed by BlackRock.
https://t.co/iQKUurAUml"
@jairocalixto @EPN A tu Madre si le pagan la pensi√≥n por tener un hijo idiota.
@ymmjga65 @Carasa_Gadsden @Valtimore11 Ahorrando 354‚Ç¨/mes x 432 meses (36 a√±os trabajando para cotizar el 100%) son 153.000‚Ç¨ el d√≠a que te jubiles. Lo que te da para vivir (sin contar otros ahorros) unos 11 a√±os a raz√≥n de los 1200‚Ç¨/mes. La pensi√≥n ya la estas pagando amig@...
"@Javalexander2 Se va de culo cuando se entere que en Europa la mayor√≠a de pa√≠ses le dan pensi√≥n a todos los adultos mayores y les brindan ayudas y atenci√≥n m√©dica totalmente gratis, es m√°s si est√°n en estado de invalidez les env√≠an une enfermere todos los d√≠as al menos 1 hora."
"@Finn_McCumhaill @AlvaroUribeVel @juroca80 cu√°l trabajar por hora con contrato basura, a √©so Est√° acostumbrado como la Mosca, busca una pensi√≥n colpensiones es le garante de la izquierda. debes irte a un fondo privado ya te gusta, nota es este nunca te pensionas."
"Aseguramiento - Cotiza en el IMSS - Obt√©n infonavit, Atenci√≥n M√©dica, Incapacidades, Pensi√≥n. WhatsApp. 5529287029. https://t.co/Q1rAQGqzj8
#IMSS #Infonavit #Incapacidades #Afore #AtencionMedica #Pension #Guarderias https://t.co/t2zfEE7MuA"
"@BienestarmxS Cuando se har√°  el pago de pensi√≥n  de discapacidad?
Gracias"
@MarioRige69 @Macarena_Olona @vox_es Todos quienes.? Viene mi primo el estadounidense ma√±ana y el mes que viene ya puede cobrar su pensi√≥n en Espa√±a y operarse aqu√≠ porque all√≠ no se lo pagan? Es as√≠ no ??
"@enfermerodelmal no deber√° contar con descuento de pensi√≥n alimenticia, si se encuentran casado por vienes mancomunados, por ley le corresponder√° una parte proporcional del cr√©dito, ¬°Saludos!"
"@enfermerodelmal no encontrarse en proceso de dictamen para el otorgamiento de pensi√≥n temporal o definitiva por invalidez o incapacidad total, parcial o temporal o en proceso de retiro voluntario conforme a la Ley"
"@Laura_Marcela39 Quien no conoce Doctores trabaja do en las ma√±anas en el IMSS y en las tardes en el MEDICA SUR?  
 Y saben porque para conservar su plantita que al final les dar√° una pensi√≥n segura y por otro lado m√°s dinero dinero dinero!

ü§¢ü§Æ"
"Y por ah√≠ existen ""economistas"" como el dotor @IglesiasJulio87 que defienden el funcionamiento del modelo pensional. De seguro sus papitos si tienen pensi√≥n y no andan deprimidos. https://t.co/Ku9HBRl0Tk"
"@PaoHerreraC Denunciamos p√∫blicamente,  xq muchos no tenemos pensi√≥n, pero no tenemos esa voz que se encargue en visibilizar, las maniobras fraudulentas q utilizan empleadores deshonestos con el aval de Fondos @PorvenirOficial @proteccion que se encargan en dar reportes falsos."
"@Finn_McCumhaill @AlvaroUribeVel @juroca80 sabes qui√©n logr√≥ las leyes laborales para que t√∫ tubieras vacaciones, pensi√≥n, hora laboral de 8 horas prima, liquidaci√≥n, salud entre otras la izquierda y se logr√≥ en la revoluci√≥n saliendo a las calles no lo hizo la derecha exclavizadora."
"#CRAanalysis | This week @juandiavil discusses the challenges and opportunities of pension reform, as Congress debates the national budget. https://t.co/qlAoeY3u7O"
"-Aumenta el n√∫mero de adultos mayores que no pueden acceder a una pensi√≥n. ¬øQu√© propone se√±or economista?
-¬°Tengan hijos, vagos!"
"üë®üèª‚Äçü¶º¬øConoces que enfermedades pueden ocasionar una incapacidad permanente? ¬°Esta es la lista de las 70 patolog√≠as por las que se puede recibir una pensi√≥n!üëá
https://t.co/KV8g0AR6Zv"
"@lts_ivy Eres My C√≥nyuge, ya te puedo demandar para que me pases pensi√≥n despu√©s del divorcio ü§£ü§£ü§£ü§£ü§£"
Aqu√≠ te decimos cu√°ndo depositan la Pensi√≥n IMSS de noviembre y cu√°l es el monto https://t.co/hDO3s1q5Lb https://t.co/qf6BjDyHoJ
"@NoticiasCaracol Convi√©rtanlo en novela y la pasan por las tardes....
En vez de denunciar las dificultades para acceder a salud y pensi√≥n se ponen a romantizar pendejadas"
Ojal√° muchos de nosotros nunca alcancemos a llegar a la mal llamada tercera edad. Mejor morir relativamente joven y no estar cotizando para una pensi√≥n que tal vez nunca llegaremos a tener. Sobre todo en este pa√≠s.
"‚¨áÔ∏è Estas son las 3 formas de conseguir la pensi√≥n m√°xima de 2.707 euros al mes ü§ë
https://t.co/PPSNlrHScD"
"@JFernandeznino Pero el acceso universal a pensi√≥n no pasa por un sistema insostenible e inequitativo ligado al trabajo formal, sino por una pensi√≥n m√≠nima a cargo del presupuesto nacional

Mientras, sin una pensi√≥n m√≠nima, universal y sostenible, familia es mejor soluci√≥n del aspecto financiero"
"Aseguramiento - Cotiza en el IMSS - Obt√©n infonavit, Atenci√≥n M√©dica, Incapacidades, Pensi√≥n. WhatsApp. 5529287029. https://t.co/Q1rAQGIaaG
#IMSS #Infonavit #Incapacidades #Afore #AtencionMedica #Pension #Guarderias
https://t.co/s3zlVeehT5"
"Los de derecha, que defienden el modelo, tambi√©n se van a envejecer y, se van a deprimir cu√°ndo los fondos de los cacaos se queden con su dinero. O cu√°ndo tengan que pagar la mitad de su pensi√≥n a un abogado para que tramite su derecho.

Claro que con los #UribistasPobres...ü§∑üèª‚Äç‚ôÇÔ∏èüî´ https://t.co/yaETKCk6fi"
"üì∫‚ìÇÔ∏èSobre la denuncia por pensi√≥n alimenticia, desminti√≥ ser ""deudor alimentario"", y que ha cumplido al 100% sus responsabilidades con su hija. https://t.co/qox7FTuFVL https://t.co/udJ7rfixPY"
@SenadoGovCo @CamaraColombia Acabo su mandato @IvanDuque y lo prometido a los mayores (incluyendo sus padres) sobre mejorar su exigua pensi√≥n qued√≥ en nada. No somos senadores ni representantes pero lo dimos todo para sacar adelante es pa√≠s. Mentiras mentiras. RT. https://t.co/rUrSQdlPLX
"Que no lo soluciona, no quiere decir que no se asocie. 
Creo que hay evidencia que muestra una asociaci√≥n positiva entre no acceso a pensi√≥n y depresi√≥n. https://t.co/6DTL3CnVz1"
Prioriza Gobierno Federal presupuesto a polic√≠a militar; coloca s√≥lo abajo de pensi√≥n adultos mayores: M√©xico Eval√∫a https://t.co/RvHuY1Hjz6
"@Mabellefamille2 En efecto y las cuentas individuales un gran negocio que beneficia a las afores y no a los trabajadores, la pensi√≥n en su momento ser√° disminuida por el alto cobro de comisiones"
"@JFernandeznino La formalidad laboral no soluciona la depresi√≥n ni la soledad. 

Por otra parte, los informales pueden cotizar a pensi√≥n, pero no lo hacen. Entonces problema no es informalidad, excepto si Estado paternalista. A√∫n en ese caso, mejor pensi√≥n m√≠nima con cargo al presupuesto nal."
Prioriza Gobierno Federal presupuesto a polic√≠a militar; coloca s√≥lo abajo de pensi√≥n adultos mayores: M√©xico Eval√∫a https://t.co/N08GP7AFxd
"#22Oct üáªüá™ M√°s de  4 millones de pensionados y jubilados en Venezuela y 15 mil en el exterior est√°n condenados a la pobreza extrema con una pensi√≥n de menos de 1$ mensual. https://t.co/t4vLLJxk6T 

üìπ@_Provea

#SomosFronteraViva https://t.co/QBsxjNKClh"
"@jrodriguezs2 @LuisArmMM @lopezdoriga Compromisos de AMLO: - desaparecer al Estado Mayor Presidencial, que contaba con m√°s de 6000 efectivos (cumplido) ‚Ä¶ - quitar pensi√≥n a expresidentes (sueldo presidencial) cumplido‚Ä¶ los escoltas que tienen Fox y ‚ÄúBorolas‚Äù los solicitaron por oficio y son de la Sedena. üëçüèª"
"Toomala, por eso no tengo pension jajaja @Monicao2712 https://t.co/440H7kfaBu"
"Requisito de semanas de cotizaci√≥n para pensi√≥n por invalidez, no otorga trato desigual: SCJN - https://t.co/FmKblyTn3i https://t.co/NUI3fLsBWP"
"Hijos de puta

Roban la pensi√≥n a una anciana en B√©tera con el m√©todo de la mancha https://t.co/JSdqXuX1pi"
"@joshrimarn @tomakino25 Y no solo eso, Jos√© Ricardo; tambi√©n la pensi√≥n en la que muri√≥ https://t.co/TQ7BvmnaP3"
"Yo me voy a sacar un plan de pensi√≥n privado porque si espero a que me ayuden en algo, me dan las uvas. Me alegro de tener un seguro de salud tambi√©n privado porque me saca de muchos apuros. La seguridad social est√° casi muerta. Ya nos las arreglamos nosotros. https://t.co/sA1SY6MOzM"
@NewMexicoGOP Can‚Äôt imagine giving up a pension and job security over this.  Great to get the bad cops off the force.
"¬°Mucho ojo!üëÄ Estos son los requisitos para solicitar la pensi√≥n de #viudedad.‚¨áÔ∏è‚¨áÔ∏è
https://t.co/MmZftqUcrY"
"A pensi√≥n de vejez, invalidez y sobrevivencia, de origen com√∫n, pueden acceder colombianos que cotizan a pensi√≥n en  https://t.co/o8vqDD078S"
"@PaoHerreraC @LaDelToboso Quiero contribuir a crear algun programa, iniciativa, no se que sea, que identifique mujeres mayores sin pension y/o en depresion y las acompane para lograr una calidad de vida aceptable. A veces es cuestion de aprender a administrar los recursos publicos y privados mejor."
"@orlandopitaga @juanmanuelgalan x favor explique c√≥mo fue q lograron pensi√≥n de su mam√°, necesito pedir una igual."
@caceci786 @jguaido Idiota nunca entenderas y siempres seras esclavo de los narcos. Esa pension no es regalo de guaido ni de maduro. Esa pension es de ese se√±or porque se la gano y se la sudo toda su vida. Nadie se la regalo.
"Amazing, very bullish news and now precedent. Appears to be the first U.S. public pension pension plan to invest in crypto.

https://t.co/kzLsFPl2xE via @coindesk"
Diputado Jos√© Mar√≠a Mart√≠nez no se amparar√° contra el tope de su pensi√≥n https://t.co/sR5MvGUHiD
@NoticiasCaracol Que tal? Noticias Caracol al 8gual que el paskin y todos los medios prepagos... As√≠ es como romantizan la desigualdad y la pobreza. Estas personas deber√≠an estar gozando como m√≠nimo de una pensi√≥n y de una salud digna. Estos medios deber√≠an estar Criticando la corrupci√≥n estatal.
"Q podemos hacer para construir una comunidad de apoyo a las personas mayores de 60 anos q en Colombia no tienen pension y/o sufren de depresi√≥n? Yo, que me considero saludable en terminos de salud mental y que tengo alguna seguridad financiera, me siento agradecida y privilegiada https://t.co/UimamQA2FR"
Diputado Jos√© Mar√≠a Mart√≠nez no se amparar√° contra el tope de su pensi√≥n  https://t.co/j2h1SM42oc
Como van a cotizar pensi√≥n si se vive con lo del d√≠a a d√≠a
"Esto si es inviable, la pensi√≥n parece una utop√≠a. https://t.co/UcQr0nHIAT"
"@Jaque_Matte Estoy totalmente de acuerdo, por qu√© hablan muy mal de AMLO, pero eso si estiran la mano y comentan que con tal de que no estuviera preferir√≠a no tener pensi√≥n, pero bien que se la cobran gastan."
No tienen pensi√≥n porque no quieren... dir√°n los genios https://t.co/ER9Xp9xhLb
"Las condiciones para el adulto mayor en Colombia no son f√°ciles. 7 de cada 10 no tienen derecho a una pensi√≥n, y no todos cuentan con una red de apoyo familiar. 

Cuidemos a nuestros adultos mayores. Para all√° vamos todos! #NoM√°sAbandono https://t.co/9v47DdxJd8"
¬øQu√© ocurre con la pensi√≥n para hijos mayores de edad en un divorcio? https://t.co/ckVyQchYj4 por: @reclamador @LawAndTrends
"@xavidotcat @ChunamiD @mrjesusfigueroa @ACV_____ @QuijoteNordeste @vxerocomunista @PapaTeLoExplica @Christi36833350 @il_lustre @gatetevoraz @JordiN_Zaragoza @sabina66801497 @CalimeroInfante @mestel9 @Carmatpor @lgoritme @POZI1972 @naty_alfonsa @FreeyellowMarta @Juanma_Saez @Jordi_Ferrer @Mr_morq @77populacho @Pilicar3 @PeiBasque @Tomillar63 @GSuspesa @Morafanova @cojonslargos @MarcKlein_ @micosapiens @ochoabravo32 @BEsquiliche @santsfree @PaleBlueDotnow @sendaabaetxo @David_n_Goliat @lovenjaire @Donpimpon2011 @fiestaklingon @homo_politik @antifakenews4 @Anticafres53199 @antifazporspain @narcis_pou @augusto_massimo @EGondorff @Massitoyelargot @marianpy1 @RRmontoro A Berlin le vas a pagar una pension de 400‚Ç¨?

No sabia que pagabas pensiones a los alemanes üòÇüòÇüòÇ

Igual te la paga √©l a ti üòÇüòÇüòÇüòÇüòÇ"
"@petrogustavo Muy bueno pero mejor ser√≠a q tuvieran nuevas propuestas como por ejmp, son de la costa y nunca han pensado en una planta de tratamiento para q las playas de Barranquilla y cartagena vuelvan a ser azulitas q pocas ideas tienen estos mames q solo quieren la pensi√≥n vitalicia"
"@Mum_Rat Ayyyyyyyyyyy, por favor... ¬øNo habr√°n visto los juzgados llenos de demandas por pensi√≥n alimenticia, m√°s los que salieron por cigarros y a√∫n no regresan? Todo siempre por quedar bien üôÑüôÑ"
Avanza incorporaci√≥n de adultos mayores de 65 a√±os a pensi√≥n Bienestar en Durango - https://t.co/pN1Za0dky9 https://t.co/o8Uzmcuh9e
"Un trabajador mileurista en verdad es dosmileurista, pero los empresarios pagan poco‚Ä¶

Adem√°s, de lo que se est√° pagando para la pensi√≥n, ya veremos lo que se recibir√° a cambio‚Ä¶ https://t.co/lkWMXQHOxg"
"como los de apoyo a madres solteras, impulsos de emprendimiento, etc. Deber√≠amos ir hablando de justicia para esas madres jefas de familia cuyas demandas de reconocimiento de paternidad o pensi√≥n alimenticia son un deseo frustrado. Si pretendemos abordar..."
"Las 3 formas de conseguir la pensi√≥n m√°xima de 2.707 euros al mes. ¬°Toma mucha nota!üí∂‚úçüèª
https://t.co/tzSMHlnnZ0"
@Lopezgrafico Aprobado para pensi√≥n inmediata. Con retroactivo.
"@zi_arerbac @EricLoup3 @Una_Canaria Pues a m√≠ me mandaron a paseo en Caritas. Despu√©s de caer enferma, me dan una minusval√≠a del 67%, por aquel entonces ten√≠a una hija menor de edad. S√≥lo mi hija y yo, mi ex no ha pasado pensi√≥n nunca a su hija. Fue por violencia de g√©nero y dom√©stica. Y nunca he recibido nada."
"@GERZOVI C√≥mo no sentir una tristeza infinita al ver un anciano sin pensi√≥n buscando en la basura para comprar los medicamentos negados por el prestador de salud para su esposa quien tampoco tiene pensi√≥n, ahora imaginen c√≥mo le toca a personas con discapacidad que tampoco tendr√°n pensi√≥n"
@NoticiasCaracol C√≥mo rom√°ntizan la pobreza. Son personas sin pensi√≥n y sin salud. Que tristeza
"¬°No se quede sin registro!

Se abren nuevas fechas para la ""Pensi√≥n para el Bienestar de Personas Adultas Mayores 65+"" en #Ahome, #Culiac√°n, #Navolato, #Mazatl√°n y Salvador Alvarado. 

@DelegacionSinMx https://t.co/bqb5E3eGZr"
"Muchas organizaciones d personas c discapacidad no pudieron manifestarse ante la medida d desaparecer los donativos porque corren el riesgo de que quienes reciben pensi√≥n por ser persona con discapacidad se las quiten. Amenaza, miedo y desesperanza promueve el actual Gobierno. https://t.co/9CRPZO7WHk"
"@natalia_apolo Ahora podr√≠a hacer un chiste f√°cil, seguro que se qued√≥ con todo, casa, coche, hijos, pensi√≥n....por eso tanta paz"
"@Manuel25971343 @Una_Canaria 100‚Ç¨ a la semana?. Yo espa√±ola (Valladolid), trabajando y cotizanto, caigo enferma, me dan una minusval√≠a del 67%, con una hija por aquel entonces menor de edad, voy a Caritas y me mandan a paseo, y con una pensi√≥n rid√≠cula. Vamos que con 100‚Ç¨ a la semana me haces una se√±ora."
"Y eso que con las cifras oficiales, porque en realidad puede ser que cerca del 80% no tenga pensi√≥n https://t.co/IYR7fcSccM"
@XiomaryUrbaez Amiga pero es como dif√≠cil ellos lo que no saben lo inventan y todo lo justifican Antier discut√≠ con una intransigente grosera y mal hablada que justifica su pensi√≥n y m√°s sin haber trabajado
@reina_fecca Y de la pensi√≥n que les vamos a pagar
"@fredysanchezk No tiene l√≥gica lo que escribes

Primero dices que el problema de la formalidad es que los costos no generan beneficios y citas espec√≠ficamente que no hay acceso real a pensi√≥n.

¬øY de eso terminas concluyendo que la soluci√≥n dejar los beneficios en un segundo plano?"
"@betoglez1 @ClaudioXGG Es una cuesti√≥n de trabajo y de calidad constancia, ahora bien , acciones importantes, comenzar a asumir responsabilidades que antes ning√∫n gobierno asum√≠a, o callaba o hacia callar, segundo , aunque lo vean como paternalismo o d√°divas , la pensi√≥n de adultos y algunas becas..."
"@Dardo1979 @Danigault @Mlibertades @Varalaukar @redvolutionn @NoOneInNooWhere @lesdara @trigos7 @LeviEsYellow A tu edad insultando a quien te va a pagar la pensi√≥n, quiz√° te habr√≠a venido bien pasar tiempo con mam√° para que te educara. Seguir√≠as siendo un penas pero quiz√° no har√≠as el rid√≠culo en Twitter."
@elisabeni A Batet le dijeron que las decisiones eran su responsabilidad y se cago. Todos cogen el cargo por el sueldo y por la pensi√≥n.
"@uriovargasj1 @mbejarle @HerminioSilvan @ArqAgustin19 @CentroUrbano @DAE_Hipotecaria no se deber√° encontrar en proceso de retiro voluntario ni en dictamen de pensi√≥n, contar con 18 meses de aportaciones en la subcuenta de vivienda a partir de que liquid√≥ su primer cr√©dito, Si el primer cr√©dito fue otorgado bajo cualquier esquema de cofinanciamiento"
@AbogadaCannabis @FreeWeed8 Se pide por Dios y no se da ni a kristo.
@gobnarino @jhonrojasca Soy Miguel  paz Muy buenas tardes Necesito un correo para que me puedan enviar un certificado o desprendible del √∫ltimo desprendible de la pensi√≥n
"Aportar a salud, pensi√≥n, salud y riesgos laborales permite que usted y su familia cuenten con su futuro protegido y est√© cubiertos ante enfermedad, invalidez, vejez y muerte, por eso #OjoConLasAfiliadorasDePoste, no juegue con su seguridad social. https://t.co/77lyPDutdI https://t.co/TohIbNN2io"
@germanlopezm1 Salario m√≠nimo e incremento en la pensi√≥n de adultos mayores.
El 74% de los adultos mayores en Colombia no tienen pensi√≥n y el 40% sufren de depresi√≥n https://t.co/hhdzZvAkvG https://t.co/EBrMaLRGnq
"Viaje a Roma 
MIRADA DE MUJERüë©üèª‚Äçü¶±

üìÖ 12 al 19 de febrero
üë®üèª‚Äçüè´ gu√≠as especializados
üë®üèª‚Äçüè´ gu√≠a acompa√±ante en viaje
üè® pensi√≥n completa
‚úàÔ∏è desplazamientos incluidos desde Valencia
üèõ Entradas a monumentos
üéä tiempo libre
üìòüéÅ Mujeres de Roma de Isabel Barcel√≥

https://t.co/MCILb7EsMn https://t.co/w1e6e79bkz"
"Romantizar la pobreza, la falta de una pensi√≥n, de no tener para un puto medicamento y de vivir una vejez digna. Pero est√°n enamorados. Que üí©@NoticiasCaracol https://t.co/X7YWodFVp2"
"@ProfuturoMX Ya la @CondusefMX se har√° cargo de este asunto, porque es una estafa y abuso  lo que hacen con los pensionados que a duras penas consiguen una pensi√≥n y haremos p√∫blico estos casos de robo"
"Me parece bochornoso que un tipo de este nivel haya llegado a comisario. Pero me parece cojonudo que tire de la manta y caiga hasta el apuntador. 
Que pasen todos una temporada en el trullo a pensi√≥n completa. https://t.co/QBM7sW2xGc"
"Un vecino decidi√≥ acabar con su vida el d√≠a de ayer, era un adulto mayor aproximadamente 70 a√±os, ten√≠a pensi√≥n y una tienda... Algunos dicen que fue las deudas y otras que ya no quer√≠a sentirse como se sent√≠a. Van 6 personas de la misma edad que hacen eso en mi barrio."
"...

Tambi√©n es importante darse cuenta que el sistema econ√≥mico actual est√° colapsando. Qu√© estamos viviendo una nueva revoluci√≥n industrial y ¬øQu√© creen?. As√≠ es, no estamos preparados. Si vives en M√©xico ya no hay pensi√≥n para los j√≥venes, la edad de jubilaci√≥n aumento... https://t.co/1HhueqE3Fu"
"@emeterialr @LuisArmMM @lopezdoriga Les quitaron la pensi√≥n a ex-presidentes. El estado mayor presidencial desapareci√≥, dime qu√© parte de esto no entiendes?"
No saben lo doloroso que es leer la historia cl√≠nica de mi pap√°. Y todo por tratar de reclamar la pensi√≥n. Hoy se me apachurro m√°s el coraz√≥n üíì
@NoticiasCaracol Claro es el enamoramiento nunca tener una pensi√≥n no?
"@ElMono04006397 @derlilopeza Solo te estoy contando una experiencia para que nos preguntemos, por qu√© el viejito no tiene acceso a lo que el vendedor de chicles si.
Solo hablo de salud, pensi√≥n es otra cosa."
"Aquesta tarda estem d'assemblea. Introdueix el coordinador @Navajas_JoseF. Fem balan√ß de la feina dels darrers mesos i parlem de mem√≤ria hist√≤rica, feminisme, aliances d'esquerres, pensions... https://t.co/A7kDtDcx0N"
"@NoticiasCaracol ¬øRomantizando la precaria y lamentable situaci√≥n que viven las personas de la tercera edad en Colombia, sin vivienda, sin salud y sin una pensi√≥n?
Deber√≠an sentir verg√ºenza. https://t.co/pkkmeLGgOi"
"En rueda de prensa, destac√≥ que actualmente, en la entidad ya se atienden a 223 mil 382 derechohabientes de la pensi√≥n, ‚Äúla meta es incorporar a 75 mil 832 adultos mayores que tienen entre 65 a 67 a√±os de edad‚Äù. #Victoria https://t.co/gjw32IcFgn"
"@eduardoinda Cloaquero paga la pensi√≥n de tus hijos que los tienes muertos de hambre, qu√© te prepares que vas t√∫ el siguiente"
"@Rubheenciito @aleirammv tener como m√≠nimo 18 meses de aportaciones en la Subcuenta de Vivienda del SAR, ejercer por primera vez tu cr√©dito del FOVISSSTE, no encontrarse en proceso de dictamen para el otorgamiento de pensi√≥n temporal o definitiva por invalidez o incapacidad total, parcial o temporal"
"@NoticiasCaracol Un abuelito sin pensi√≥n, se jode sus √∫ltimos d√≠as por cubrir las ausencias de su esposa, la abuelita sin servicio de salud y que tampoco tiene pensi√≥n. Comiendo mierda y nos dicen que es chocolate. üò†"
"¬øLe han ofrecido afiliarse a salud, pensi√≥n y riesgos laborales por un valor que no corresponde al que se√±ala la Ley? No se deje robar, no sea victima de una afiliadora de poste. #OjoConLasAfiliadorasDePoste. https://t.co/77lyPDutdI https://t.co/Tts5XRjTBw"
"üìç PENSI√ìN ALIMENTICIA PROVISIONAL. EN CONTRA DEL AUTO QUE LA DECRETA, ES IMPROCEDENTE EL RECURSO DE APELACI√ìN. https://t.co/vSfORoHhGR"
"M√©xico sigue siendo uno de los pa√≠ses con mayor brecha de g√©nero en pensiones. 

Miren este comparativo de pa√≠ses de la OCDE, incluido en el Mercer-CFA Institute GPI2021 (0% indica igualdad y 50% indica que la pensi√≥n de hombres es el doble que la de mujeres):

#GenderGap https://t.co/PkiQnEO3lO"
"@telecincoes @AlbaCarrilloTW @RABAGOISABEL Claro que s√≠, que tu madre no tenga educaci√≥n ni respeto, es culpa de Isabel y si te apuras un poco hasta de Miliki.
La que tiene que darle pan y lo que lleva tener a un hijo, eres t√∫ con tu trabajo, y la pensi√≥n que te da Fonsi Nieto, que no ser√° poco. 
¬øAutocr√≠tica? En fin."
"@NelsonB76414055 @julya140912 @MariaFdaCabal @Andres_a_Secas_ Hahahahahahhahahaha pues a mi El otro a√±o me robaron como dos millones de la pension en El Fondo y sin saber porque, usted que SE Ve tan intelectual en la foto me puede explicar porque? @Andres_a_Secas_"
"@snowdenassange2 @ToyAa123456 @CFEmx @lopezobrador_ Por cierto yo considero a ser Rata a aquella persona que tiene una beca sin merecerla,a aquella persona que tiene pension y recibe una beca extra. Aquella que tiene los medios pero aun asi la recibe...
   Tantita dignidaaaa..."
"Econom√≠a | Estos son los mejores sistemas de pensiones del mundo en 2021: Espa√±a, entre los menos sostenibles econ√≥micamente ‚û° De 43 pa√≠ses analizados por Mercer CFA Institute Global Pension Index 2021, Espa√±a ocupa el puesto 39 en sostenibilidad https://t.co/2VYX1F1lKb"
"Tambi√©n logramos expedir 35 certificados de RUMNV (Registro √önico de Migrantes Venezolanos) y resolver dudas üí¨ de las personas migrantes en torno a los beneficios üßê de tener el Permiso de Protecci√≥n Temporal como tener documento de identificaci√≥n empleo, salud, pensi√≥n, etc. https://t.co/RlZ4dvZQ40"
Pensi√≥n de jubilaci√≥n para amas de casa: estos son los requisitos para solicitarla https://t.co/eqhl8DEOpG a trav√©s de @ABCeconomia
"¬øTienes dudas con tu Cuenta AFORE? ¬øDeseas m√°s informaci√≥n para tramitar tu pensi√≥n? ¬°Nosotros te ayudamos!Vis√≠tanos en la ""Caravana de la vivienda @FOVISSSTEmx"", en Parque Borunda, Ciudad Ju√°rez Chihuahua. ¬°Te estamos esperando!
‚è∞ 09:00 a 17:00 horas. https://t.co/sp4Vl7E0rf"
"@DonReborn2 @lovelyrebb Para qu√© decir que no, si s√≠. Nos vais a tener que pagar vosotros la pensi√≥n"
Tome nota: Corte Suprema advierte que s√≠ se puede recibir pensi√≥n laboral de invalidez y de vejez de forma simult√°nea https://t.co/dA4Gida0Ve
"#FinanzasPersonales 
De acuerdo con el an√°lisis realizado por @comomepensiono, firma con 10 a√±os de trayectoria, se evidenci√≥ que en el 2020 y 2021 ha aumentado el n√∫mero de solicitudes de pensi√≥n de sobrevivientes en un 40 y 50 %, respectivamente. 
https://t.co/FM6poYyvhI"
@MarioGallegosH El √∫nico que cobraba la pensi√≥n era el lengualarga de Fox. Los dem√°s lo donaban o renunciaron a ella.
"#Tonal√° | Invita Ayuntamiento de Tonal√° a adultos mayores para pensi√≥n ‚ÄúBienestar‚Äù
https://t.co/zr3pmKWeyG https://t.co/wIbL3AIUjL"
Expertos no descartan que se siga aumentando la edad de jubilaci√≥n y el c√°lculo para la pensi√≥n inicial https://t.co/36BNs8TtFz v√≠a @epeconomia
¬°En un #taller y pensi√≥n de autobuses en #Aguascalientes un hombre se quit√≥ la #vida! https://t.co/xpHEY0nBg3
"@valsarb Pregunta en la pensi√≥n de enfrente del ABC obs (est√° a un lado de Jordan Black) 
Cuesta como 1200 el mes."
"San Petersburgo. En 1762 fue nombrado tambi√©n maestro de la √≥pera italiana de la ciudad. Regres√≥ a Bolonia en 1769 con una pensi√≥n, dejando a Galuppi a cargo de gran parte de sus actividades en Rusia; en 1798 fue invitado
nuevamente a San Petersburgo."
"@JosefinaVM @macariomx Pero no experto en electricidad cierto? Sigan defendiendo a las empresas extranjeras que subieron el costo de la electricidad en Espa√±a en un 500% se las guardaremos para las elecciones, pronto desaparecer√°n y lo que robaron no les alcanzar√° ni para pensi√≥n."
"Disfruta m√°s de tu pensi√≥n con el incremento que te mereces. Ac√©rcate a Pensi√≥n S√≠ para m√°s informaci√≥n.üí∞ üë©‚Äçü¶≥üë®‚Äçü¶≥
.
.
.
#Pensionsi  #Pensionados #jubilados #adultomayor #Mexico https://t.co/VW5UXYX5My"
"@PalomaSenadora Lleg√≥ tarde, aqu√≠ ya no le comemos cuento, Usted y la ralea de derecha tienen a la mayor√≠a de campesinos en la pobreza absoluta al borde de la indigencia, sin salarios, sin salud, sin educaci√≥n, mucho menos pensi√≥n. Nuestra √∫nica esperanza #GustavoPetroPresidente"
¬°Hombre se quit√≥ la #vida en un #taller y pensi√≥n de autobuses en #Aguascalientes! https://t.co/lTD4vpNSW7
"@GeneramosDebate @GustavoBolivar @ThiagoXoficial A no?
Vamos a ver
Salud privada, pensi√≥n privada, educaci√≥n mixta (privada en su mayor√≠a), libertad econ√≥mica, Banco central pro mercado, empresariado defendido por sobre todo, nacionalismo a full, econom√≠a de mercado.

Que mas?"
"No tengo una eps por si me da una malaria, pero tengo gengibre o el agua de limonaria, sin fondo de pensi√≥n, perdona, recuerda que ser MC no pensiona."
Prev√©n que 190 mil personas adultas mayores se inscribir√°n en padr√≥n de pensi√≥n 65 y m√°s https://t.co/yH1p5gOzGK
"@juanpabloAmbs @DariusMDS @FedericoArreola @lopezobrador_ Para ti no sirve y es respetable. Para m√≠ y m√°s de 30 millones lo ha hecho muy bien tan s√≥lo porque t√∫ y tus padres tengan una pensi√≥n. La recuperaci√≥n de miles de millones de pesos que la empresas corruptas no pagaba de impuestos entre muchas cosas que prometi√≥. E fin, faltan 3."
"@RaquelS63039232 Eso es la mayor falacia que existe. Y quien lo dice no solo no tiene ning√∫n conocimiento del derecho de familia, sino que conoce a√∫n menos la realidad de los hijos de padres separados. Hay gente q ha ganado realities y no pasa la pensi√≥n a sus hijos cuando debe. As√≠ q es falso"
"PEREGRINACI√ìN. Tierra Santa / Israel 2022 | vuelos, pensi√≥n completa, visitas, entradas, 8 d√≠as - 1.395‚Ç¨ https://t.co/NNlDKTphyk"
"El #TableroDeControlUGPP ofrece informaci√≥n detallada sobre el comportamiento de los aportes a salud, pensi√≥n, riesgos laborales, SENA e ICBF en un tiempo determinado. https://t.co/XIwUyw5LfB"
@Yo92777937 @LuisArmMM @lopezdoriga Le quitaron su pensi√≥n‚Ä¶ los escoltas a√∫n los tienen Fox y Borolas. Los solicitaron. Y son de la sedena. No guardias presidenciales. Comprendes? Ok saludos
@germanlopezm1 Quitar la pensi√≥n  a la chachalaca  @VicenteFoxQue @FelipeCalderon  andan ardidos
"@dan_restrepo Viene5...pension. GobiernoNacional me niega ayudas en la que he aplicado, me responde no califico. Aqui no hay esperanzas de nada. Abri cuenta en linea en la pagina Web del SeguroSocial de USA. con un user name, y un password. Aparece mi caso..."
"@dan_restrepo Viene..4 viviendo en los EstadosUnidos. Para tener derecho a pension tramite un perdon con inmigration, a traves de una peticion familiar. No tengo a nadie que me pida en ese pais. Ya cumpli 70 a√±os de edad, y vivo en Colombia, donde no tengo..."
@Tona_je @lopezobrador_ @SinLinea_Mx @Tona_je buenos d√≠as solicito su apoyo para q de ser posible en la ma√±anera dijera q en Valle de Bravo estado de M√©xico los coordinadores de la pensi√≥n bienestar de 65 a√±os inscritos no vamos a recibir nada por lo q resta del a√±o
"@ayemonesp @b3ll3mor3323 @ChinaskyHank @miketa02 Cercana a ti, dicho esto, entiendo vuestra postura, ten√©is raz√≥n en que algunas veces es necesario separarse del padre o de la madre si no es bien con para el ni√±o y se que hay padres que se quejan pero luego no mueven un dedo por ver a su hijo, piensan que con pasar la pensi√≥n +"
@eduardoinda Cloaquero paga la pensi√≥n de tus hijos que los tienes muertos de hambre y t√∫ con el pollo
"La incorporaci√≥n de adultos mayores al programa Pensi√≥n para el Bienestar, a cargo del gobierno federal, tiene un avance del 73 por ciento, pues de la meta de 58 mil beneficiarios, ya se han registrado 41 mil personas.
https://t.co/j62e2JaMCu https://t.co/paBJfZgV61"
"#An√°lisis | #Opini√≥n | 1Ô∏è‚É£ Cambios en el gabinete municipal 2Ô∏è‚É£ Pensi√≥n para el Bienestar de las Personas Adultas Mayores 3Ô∏è‚É£ Vapeadores4Ô∏è‚É£ ¬øSRE cambia de sede en Aguascalientes?

Esto y m√°s en la #Atalaya de hoy ‚úçüèª

https://t.co/PZ0GeOYDo0"
@Narylove6 @20m Ser√° que se gasta la pensi√≥n de Fonsi en ella? Porque su padre paga una manutenci√≥n mensual de 800 euros... vamos que para alimentar al ni√±o da de sobra...
@20m El pan de tu hijo ganatelo tu. No creo que se muera de hambre teniendo un padre que paga su pension. 800 euros... que pasa es que te tienen que dar dinero tus padres para alimentar a tu hijo? En qu√© gastas lo que ganas y te da su padre?
"#Tlaxcala 
‚ñ∂Ô∏èContin√∫a el registro de incorporaci√≥n a la Pensi√≥n para el Bienestar de las personas adultas en Tlaxcala
@BienestardeTla1

Informaci√≥n Completa üëá
https://t.co/tj4XqW3BQc"
"#LecturaRecomendada üìñ | Durante el segundo a√±o de la pandemia, aumentaron las denuncias por incumplimiento de pensi√≥n alimenticia, en #Puebla. 

https://t.co/MvJmoVRDIZ https://t.co/0nbLHZSFHj"
"@EnterateCali En otras palabras te van a expropiar tus recursos, as√≠ como los ahorros por pensi√≥n cuando no te puedes pensionar."
"Capitana necesita apoyo para pagar su alimento, pensi√≥n y esterilizaci√≥n, solo hemos vendido 5 boletos. 
Est√° en adopci√≥n responsable, talla mediana ,es adorable! 
#ayuda #adopta #CDMX https://t.co/Yb3duPpQ8r"
.@Colpensiones Que le entreguen a la Se√±ora Valina la pensi√≥n por la muerte de su esposo #ColpensionesResponda @JuanMVilla @GobernacionSai @SFCsupervisor - ¬°Firma la petici√≥n! https://t.co/EOpPpVU3NC a trav√©s de @ChangeorgCO
"@MorpheusMorgan para realizar una consulta aproximada del monto que se le podr√≠a otorgar esto se determina con base a su edad y monto de la pensi√≥n, https://t.co/TgqVusLp3M, ¬°saludos!"
Harry potter y el misterio de porqu√© pagamos pensi√≥n si nunca nos vamos a pensionar con este sistema de mierda.
"@JA_DelgadoRamos Pues muy bien, de momento ya tienes una pensi√≥n totalmente inalcanzable para cualquier ciudadadano, de a pi√© as√≠ c√≥mo el sueldo. Cumple el Juramento que hicistes a la bandera y a la Constituci√≥n. Los ciudadadnos estamos HARTOS de VOSOTROS pol√≠ticuchos. Y lecciones, NINGUNA"
"Con estudio de pensi√≥n IMSS se orienta a trabajador p' tener la m√°x. pensi√≥n al menor costo, legalmente

Esto hace que empresa no se descapitalice (liquidaci√≥n en 1 exhibici√≥n) y que empleado tenga beneficio patrimonial vitalicio

Liquidaci√≥n se agota pronto 

Busca a tu asesor! https://t.co/jEtMtrRKJ1"
"@ayemonesp @b3ll3mor3323 @ChinaskyHank @miketa02 + la pensi√≥n y con eso cumplen pero hay de todo, no debes de generalizar, hay padres que no ven a sus hijos porque las madres no quieren y hasta que act√∫a la ley si es que act√∫a pueden pasar hasta a√±os y ya no te digo del tema burocr√°tico los abogados no son baratos +"
Te daremos todos los detalles para que puedas cobrar el onceavo pago de tu pensi√≥n https://t.co/uqYht64ejk
"¬øConoces los beneficios de cotizar ante el IMSS?
Atenci√≥n m√©dica sin restricciones, Pensi√≥n Infonavit, Incapacidades y Afore. ¬°Cont√°ctanos! WhatsApp. 5529287029. https://t.co/Q1rAQGqzj8
#IMSS #Infonavit #Incapacidades #Afore #AtencionMedica #Pension #Guarderias https://t.co/fn3QJqkMor"
¬øSabes qu√© hacer en caso de riesgo de trabajo? Visita nuestro blog y conoce todos los tipos de pensi√≥n que puedes tramitar en tu Afore: https://t.co/uotB5wJ9e5
@sammymoly @ToscaniDaniel Quevaaaaaaaa! Mira te lo explico si curro hasta los 75 diez a√±itos de mi pension que se ahorra la seguridad social y que me tiene que pagar mi empresa. Lo pillas?
@jluisperezg @carrion_maje S√≠ porque tu pensi√≥n la va a pagar el tato.
